ID,fully connected layer,recurrent layer,pooling layer,convolutional layer,deconvolutional layer,dropout layer,softmax layer,subsampling layer,gru layer
1001009,0,0,0,1,0,0,0,0,0
100514001,0,0,0,1,0,0,0,0,0
100740001,0,0,0,1,0,0,0,0,0
1003324001,0,0,0,1,0,0,0,0,0
1005409001,0,0,0,1,0,0,0,0,0
1005675001,0,0,0,1,0,0,0,0,0
1005726001,0,0,0,1,0,0,0,0,0
1007957001,1,0,0,0,0,0,0,0,0
10010093001,0,0,0,0,0,0,1,0,0
10010120001,0,0,0,1,0,0,0,0,0
10010337001,1,0,0,1,0,0,0,0,0
10010338001,0,0,0,1,0,0,0,0,0
10010555001,1,0,1,1,0,0,0,0,0
10010667001,1,0,0,1,0,0,0,0,0
10010896001,0,1,0,0,0,0,0,0,0
10010973001,0,0,0,1,0,0,0,0,0
10010980001,1,0,0,1,0,0,0,0,0
10011127001,1,0,0,1,0,0,0,0,0
10011343001,0,0,1,0,0,0,0,0,0
10011458001,1,0,1,1,0,0,0,0,0
10011466001,0,0,0,1,0,0,0,0,0
10011552001,1,0,0,1,0,0,0,0,0
10011666001,1,0,0,1,0,0,0,0,0
10011719001,1,0,1,0,0,0,1,0,0
10011741001,0,0,1,1,0,0,1,0,0
10011770001,1,0,0,0,0,0,0,0,0
10011789001,1,0,1,1,0,0,0,0,0
10011880001,1,0,0,1,0,0,1,0,0
10012288001,0,0,0,1,0,0,0,0,0
10012331001,0,0,1,1,0,0,0,0,0
10012491001,1,0,0,1,0,0,1,0,0
10012570001,1,0,1,1,0,0,1,0,0
10012611001,0,0,1,1,0,0,0,0,0
10012612001,1,0,1,1,0,0,0,0,0
10012675001,0,0,0,1,0,0,0,0,0
10012757001,0,0,1,1,0,0,0,0,0
10012771001,0,0,0,1,0,0,0,0,0
10012821001,0,0,1,1,0,0,0,0,0
10012884001,0,0,0,1,0,0,0,0,0
10012910001,0,0,0,1,0,0,0,0,0
10012970001,0,0,0,1,0,0,0,0,0
10013033001,1,0,0,1,0,0,0,0,0
10013080001,1,0,1,1,0,0,0,0,0
10013428001,1,0,0,1,0,0,0,0,0
10013437001,1,0,0,0,0,0,0,0,0
10013493001,0,0,1,0,0,0,0,0,0
10013889001,0,0,0,1,0,0,0,0,0
10014002001,1,0,1,1,0,0,1,0,0
10014003001,1,0,0,1,1,0,0,0,0
10014053001,0,0,0,0,0,0,1,0,0
10014128001,0,0,0,1,0,0,0,0,0
10014188001,0,0,1,1,0,0,0,0,0
10014197001,0,0,0,1,0,0,0,0,0
10014302001,0,0,1,1,0,0,0,0,0
10014305001,1,0,0,0,0,0,0,0,0
10014332001,0,0,0,1,0,0,0,0,0
10014436001,0,0,1,1,0,0,0,0,0
10014444001,0,0,0,0,0,0,1,0,0
10014551001,0,0,0,1,0,0,0,0,0
10014574001,1,0,0,0,0,0,0,0,0
10014670001,1,0,1,1,0,0,1,0,0
10014684001,1,0,0,1,0,0,0,0,0
10014843001,1,0,0,1,0,0,0,0,0
10014928001,1,0,1,1,0,1,0,0,0
10014978001,1,0,1,1,0,0,0,0,0
10014998001,0,0,0,1,0,0,0,0,0
10015177001,0,0,0,1,0,0,0,0,0
10015252001,1,0,1,1,0,0,1,0,0
10015361001,0,0,1,1,0,0,0,0,0
10015397001,0,0,0,1,0,0,0,0,0
10015472001,1,0,1,1,0,0,0,0,0
10015684001,0,0,1,1,0,0,0,0,0
10015828001,0,0,0,1,0,0,0,0,0
10015971001,0,0,0,0,0,0,1,0,0
10016061001,1,0,0,0,0,0,0,0,0
10016226001,1,0,1,1,0,0,1,0,0
10016438001,1,0,1,1,0,0,1,0,0
10016507001,1,0,0,1,0,0,1,0,0
10016585001,0,0,0,1,0,0,0,0,0
10016727001,1,0,0,0,0,0,0,0,0
10016754001,0,0,0,1,0,0,1,0,0
10016826001,1,1,0,0,0,0,1,0,0
10016829001,0,1,0,1,0,0,1,0,0
10016836001,1,0,0,1,0,0,0,0,0
10016842001,1,0,0,1,0,0,0,0,0
10016925001,1,0,0,1,0,0,0,0,0
10016932001,1,0,1,1,0,0,0,0,0
10016997001,1,0,1,1,0,0,0,0,0
10017019001,1,0,1,1,0,0,0,0,0
10017053001,1,0,0,1,0,0,0,0,0
10017095001,0,0,0,1,0,1,0,0,0
10017212001,1,0,1,1,0,0,0,0,0
10017224001,1,0,0,1,0,0,0,0,0
10017228001,1,0,1,1,1,0,0,0,0
10017234001,1,0,1,1,0,0,0,0,0
10017299001,1,0,1,1,0,1,0,0,0
10017380001,0,0,0,1,0,0,0,0,0
10017403001,0,0,0,1,0,0,0,0,0
10017432001,1,0,0,1,0,0,0,0,0
10017464001,1,0,1,1,0,0,0,0,0
10017523001,0,0,0,0,0,0,1,0,0
10017534001,1,0,1,1,0,0,0,0,0
10017590001,1,0,0,0,0,0,0,0,0
10017616001,0,0,1,1,1,0,0,0,0
10017710001,0,0,0,1,0,0,0,0,0
10017771001,0,0,0,1,0,0,0,0,0
10017913001,0,0,0,1,0,0,0,0,0
10017961001,1,0,1,1,0,0,1,0,0
10018020001,0,0,0,1,0,0,0,0,0
10018121001,1,0,0,1,0,0,0,0,0
10018209001,0,0,1,0,0,0,0,0,0
10018281001,0,0,1,1,0,0,0,0,0
10018322001,1,0,0,1,0,0,1,0,0
10018393001,1,0,0,1,0,0,0,0,0
10018395001,0,0,0,0,0,0,1,0,0
10018438001,1,0,1,1,0,0,0,1,0
10018439001,1,0,1,1,0,0,1,0,0
10018440001,1,0,0,1,0,0,0,0,0
10018443001,0,0,0,0,0,0,1,0,0
10018447001,0,0,0,1,0,0,0,0,0
10018705001,1,1,1,1,0,0,0,0,0
10018727001,0,0,0,1,0,0,0,0,0
10018847001,1,0,0,1,0,0,0,0,0
10018988001,1,0,0,1,0,0,0,0,0
10019005001,1,0,0,0,0,0,0,0,0
10019013001,1,0,1,1,0,0,0,0,0
10019016001,0,0,0,0,0,0,1,0,0
10019124001,1,0,0,0,0,0,0,0,0
10019202001,1,0,0,1,0,0,0,0,0
10019205001,1,0,1,1,0,0,0,0,0
10019343001,1,0,0,0,0,0,0,0,0
10019487001,1,0,0,1,0,0,0,0,0
10019552001,1,0,1,0,0,0,0,0,0
10019562001,1,0,0,1,0,0,0,0,0
10019570001,1,1,1,1,0,0,1,0,0
10019622001,0,0,0,1,0,0,0,0,0
10019655001,0,0,0,1,0,0,0,0,0
10019658001,1,0,0,1,0,0,0,0,0
10019664001,0,0,0,1,0,0,0,0,0
10019672001,0,0,0,1,0,0,0,0,0
10019674001,0,0,1,1,0,0,0,0,0
10019688001,1,0,1,1,0,0,0,0,0
10019691001,1,0,0,1,0,0,0,0,0
10019706001,0,0,1,1,0,0,0,0,0
10019724001,1,0,0,1,1,0,1,0,0
10019762001,0,0,1,1,0,0,0,0,0
10019764001,1,0,0,1,0,0,1,0,0
10019772001,1,0,0,0,0,0,0,0,0
10019774001,0,0,0,1,0,0,0,0,0
10019787001,1,0,0,1,0,0,0,0,0
10019810001,0,0,0,1,0,0,0,0,0
10019815001,0,0,0,1,0,0,0,0,0
10019838001,0,0,0,1,0,0,0,0,0
10019850001,1,0,0,1,0,0,0,0,0
10019865001,1,0,0,1,0,0,0,0,0
10019894001,0,1,0,1,0,0,0,0,0
10019902001,0,0,0,1,0,0,0,0,0
10019932001,0,0,0,1,0,0,0,0,0
10020001001,0,0,0,1,0,0,0,0,0
10020039001,0,0,0,1,0,0,0,0,0
10020052001,0,0,0,0,0,0,1,0,0
10020109001,1,0,1,1,0,0,0,0,0
10020118001,1,0,0,1,0,0,0,0,0
10020152001,1,0,0,0,0,0,1,0,0
10020202001,1,0,0,1,0,0,0,0,0
10020203001,0,0,0,1,0,0,0,0,0
10020212001,1,0,0,0,0,0,0,0,0
10020216001,1,0,1,1,0,0,1,0,0
10020220001,0,0,0,0,0,0,1,0,0
10020227001,0,0,0,1,0,0,0,0,0
10020257001,1,0,0,1,0,0,0,0,0
10020260001,0,0,0,1,0,0,0,0,0
10020272001,0,0,0,1,0,0,0,0,0
10020326001,1,0,0,1,0,0,0,0,0
10020340001,0,0,1,1,0,0,0,0,0
10020349001,1,0,1,1,1,0,0,0,0
10020437001,1,0,0,1,0,0,0,0,0
10020443001,1,0,0,1,0,0,0,0,0
10020462001,1,0,1,1,1,0,0,0,0
10020470001,1,0,1,1,1,1,0,0,0
10020492001,0,0,0,1,0,0,0,0,0
10020501001,0,0,1,0,0,0,0,0,0
10020527001,1,0,1,1,0,0,0,0,0
10020557001,1,0,0,1,0,0,0,0,0
10020585001,0,0,1,1,0,0,0,0,0
10020613001,0,0,0,1,0,0,0,0,0
10020683001,1,0,1,1,0,0,0,0,0
10020684001,1,1,0,0,0,0,1,0,0
10020686001,0,0,0,1,0,0,0,0,0
10020696001,0,0,0,1,0,0,0,0,0
10020716001,0,0,1,1,1,0,0,0,0
10020719001,1,0,1,1,0,0,1,0,0
10020758001,0,0,0,1,0,0,1,0,0
10020779001,0,0,0,1,0,0,0,0,0
10020856001,1,0,0,1,0,0,0,0,0
10020869001,0,0,0,1,0,0,0,0,0
10020919001,1,0,0,0,0,0,0,0,0
10020927001,1,0,1,1,0,0,1,1,0
10020974001,1,0,1,1,0,0,0,0,0
10020988001,0,0,0,1,0,0,0,0,0
10021035001,1,0,0,1,0,0,0,0,0
10021038001,0,0,0,1,0,0,0,0,0
10021063001,0,0,0,1,0,0,0,0,0
10021073001,1,0,0,0,0,0,0,0,0
10021084001,1,0,1,1,0,0,0,0,0
10021101001,1,0,1,1,0,0,0,0,0
10021119001,1,0,0,1,0,0,1,0,0
10021120001,0,0,1,1,0,0,0,0,0
10021122001,0,0,0,0,0,1,0,0,0
10021138001,1,0,0,0,0,0,1,0,0
10021210001,1,0,0,1,0,0,0,0,0
10021214001,0,0,1,1,1,0,0,0,0
10021220001,0,0,1,1,0,0,0,0,0
10021224001,0,0,0,1,1,0,0,0,0
10021253001,1,0,1,1,0,0,0,0,0
10021255001,0,0,0,1,0,0,0,0,0
10021257001,0,0,0,0,0,0,1,0,0
10021262001,0,0,1,1,0,0,0,0,0
10021266001,1,0,0,1,0,0,0,0,0
10021285001,0,0,1,1,0,0,0,1,0
10021299001,1,0,0,1,0,0,0,0,0
10021432001,0,0,0,1,0,0,0,0,0
10021435001,1,0,0,0,0,0,0,0,0
10021498001,0,0,0,1,0,0,0,0,0
10021511001,1,0,0,1,0,0,0,1,0
10021682001,1,0,0,1,0,0,0,0,0
10021750001,1,0,1,1,0,0,1,0,0
10021797001,0,0,0,1,1,0,0,0,0
10021916001,0,0,0,1,0,0,0,0,0
10021937001,0,0,0,1,0,0,0,0,0
10021951001,1,0,0,0,0,0,0,0,0
10022004001,0,0,0,1,0,1,0,0,0
10022028001,0,0,0,1,0,0,0,0,0
10022052001,1,0,1,0,0,0,0,0,0
10022141001,1,1,1,1,0,0,0,0,0
10022144001,1,0,0,0,0,0,0,0,0
10022201001,1,0,1,1,0,0,1,0,0
10022203001,1,0,1,1,0,0,1,0,0
10022297001,0,0,0,1,1,0,0,0,0
10022316001,1,0,0,1,0,0,0,0,0
10022517001,0,0,0,1,0,0,0,0,0
10022518001,0,0,0,1,0,0,0,0,0
10022537001,1,0,0,0,0,0,0,0,0
10022590001,0,0,0,1,0,0,0,0,0
10022610001,1,0,1,1,0,0,0,1,0
10022624001,1,0,0,1,0,0,0,0,0
10022633001,1,0,1,1,0,0,1,0,0
10022680001,1,0,0,1,0,0,0,0,0
10022701001,0,0,0,1,0,0,0,0,0
10022713001,0,0,1,0,0,0,0,0,0
10022739001,0,0,0,1,0,0,0,0,0
10022763001,0,0,1,1,0,0,0,0,0
10022779001,0,0,1,1,0,0,0,0,0
10022783001,0,0,1,0,0,0,0,0,0
10022796001,1,0,1,1,0,0,0,0,0
10022804001,1,0,1,1,0,0,0,0,0
10022843001,0,0,0,1,0,0,0,0,0
10022868001,0,0,0,1,0,0,0,0,0
10022883001,0,0,1,1,0,0,0,0,0
10022906001,1,0,0,1,0,0,0,0,0
10022936001,0,1,0,0,0,0,1,0,0
10023006001,0,0,0,1,0,0,0,0,0
10023008001,0,0,0,1,0,0,0,0,0
10023036001,1,0,1,1,0,0,0,0,0
10023055001,0,0,0,1,0,0,0,0,0
10023096001,0,0,0,1,0,0,0,0,0
10023237001,1,0,1,1,0,0,0,0,0
10023269001,1,0,1,0,0,0,0,0,0
10023309001,1,0,0,0,0,1,0,0,0
10023342001,0,0,0,1,0,0,0,0,0
10023389001,0,0,1,1,0,0,0,0,0
10023427001,1,0,1,1,0,0,0,0,0
10023445001,0,0,0,1,0,0,0,1,0
10023447001,0,0,0,1,0,0,0,0,0
10023496001,1,0,0,1,0,0,0,0,0
10023501001,1,0,1,1,0,0,0,0,0
10023561001,0,0,0,1,0,0,0,0,0
10023565001,0,0,1,1,0,0,0,0,0
10023577001,1,0,1,1,0,0,0,0,0
10023587001,1,0,0,0,0,0,0,0,0
10023616001,1,0,0,0,0,0,0,0,0
10023632001,1,0,0,0,0,0,0,0,0
10023640001,0,0,1,1,0,0,0,0,0
10023640002,1,0,1,1,0,1,1,0,0
10023642001,1,0,0,0,0,0,0,0,0
10023685001,1,0,1,1,0,0,0,0,0
10023726001,1,0,0,1,0,0,0,0,0
10023730001,0,0,1,1,0,0,0,0,0
10023740001,1,0,1,1,1,0,0,0,0
10023744001,0,0,0,1,0,0,0,0,0
10023750001,0,0,0,1,0,0,0,0,0
10023765001,0,0,0,1,0,0,0,0,0
10023772001,0,0,0,1,0,0,0,0,0
10023774001,1,0,1,0,0,0,0,0,0
10023789001,0,0,0,1,0,0,0,0,0
10023820001,0,0,0,1,0,0,0,0,0
10023830001,1,0,0,0,0,0,0,0,0
10023857001,1,0,0,1,0,0,0,0,0
10023859001,1,0,1,1,0,0,0,0,0
10023860001,0,0,0,1,0,0,0,0,0
10023865001,1,0,0,0,0,0,0,0,0
10023897001,1,1,0,1,0,0,0,0,0
10023900001,1,0,0,1,0,0,0,0,0
10023927001,1,0,0,1,0,0,1,0,0
10023933001,0,0,0,0,0,1,0,0,0
10023935001,1,0,0,0,0,0,0,0,0
10023945001,0,0,0,0,0,0,1,0,0
10023982001,1,0,0,1,0,0,0,0,0
10024013001,1,0,0,0,0,0,0,0,0
10024019001,0,0,1,1,0,1,0,0,0
10024024001,1,0,1,1,1,0,0,0,0
10024028001,1,0,0,0,0,0,0,0,0
10024040001,0,0,0,1,0,1,0,0,0
10024047001,1,0,1,1,1,0,0,0,0
10024089001,1,0,0,1,0,0,0,0,0
10024099001,1,0,1,1,0,0,0,0,0
10024111001,1,0,0,1,0,0,0,0,0
10024160001,1,0,0,1,0,0,0,0,0
10024166001,1,0,1,1,0,0,1,0,0
10024187001,1,0,0,0,0,0,0,0,0
10024206001,1,0,1,1,0,0,0,0,0
10024217001,1,0,1,1,0,0,0,0,0
10024223001,1,0,1,1,0,1,1,0,0
10024248001,1,0,1,1,0,0,0,0,0
10024269001,1,0,0,0,0,1,1,0,0
10024316001,0,0,0,0,0,0,1,0,0
10024325001,0,0,1,0,0,0,0,0,0
10024328001,0,0,0,1,0,0,0,0,0
10024331001,0,0,1,1,0,0,0,0,0
10024348001,0,0,1,1,0,0,0,0,0
10024352001,1,0,0,1,0,1,0,0,0
10024358001,0,0,1,1,0,0,0,0,0
10024376001,1,0,0,1,0,0,0,0,0
10024381001,1,0,1,1,0,0,0,0,0
10024409001,0,1,0,0,0,0,0,0,0
10024418001,0,0,0,1,0,0,0,0,0
10024476001,1,0,1,1,0,0,0,0,0
10024485001,0,0,0,1,0,0,0,0,0
10024581001,1,0,1,1,0,0,0,0,0
10024654001,0,0,0,1,0,0,0,0,0
10024685001,0,0,1,1,0,0,0,0,0
10024688001,0,0,0,0,0,0,1,0,0
10024693001,1,0,0,0,0,0,0,0,0
10024718001,0,0,0,1,1,0,0,0,0
10024746001,1,0,0,1,0,0,1,0,0
10024861001,0,0,0,1,0,0,0,0,0
10024866001,1,0,1,1,0,1,1,0,0
10024882001,1,0,0,1,0,0,1,0,0
10024890001,0,0,0,1,0,0,1,0,0
10024895001,1,0,0,1,0,0,0,0,0
10024918001,1,0,0,1,0,0,0,0,0
10024932001,1,0,1,1,0,0,0,0,0
10024989001,1,0,0,1,1,0,0,0,0
10025023001,1,0,0,0,0,0,0,0,0
10025033001,0,0,1,0,0,0,0,0,0
10025062001,1,0,0,0,0,0,0,0,0
10025064001,1,0,0,1,0,0,0,0,0
10025100001,0,0,0,1,0,0,1,0,0
10025116001,0,0,0,1,0,0,0,0,0
10025187001,0,0,0,1,0,0,0,0,0
10025192001,0,0,0,0,0,0,1,0,0
10025215001,1,0,0,1,0,0,0,0,0
10025237001,1,0,0,1,0,0,0,0,0
10025252001,1,0,1,1,0,0,1,0,0
10025253001,0,0,0,1,0,0,0,0,0
10025265001,0,0,0,1,0,0,0,0,0
10025322001,0,0,0,1,0,0,0,0,0
10025427001,1,0,0,1,0,0,0,0,0
10025469001,1,0,0,1,0,0,0,0,0
10025484001,1,0,0,1,0,1,0,0,0
10025498001,1,0,0,1,0,0,0,0,0
10025502001,1,0,0,1,0,0,0,0,0
10025522001,1,0,0,1,0,0,0,0,0
10025617001,1,0,1,1,0,0,0,0,0
10025631001,1,0,1,1,0,0,0,0,0
10025657001,0,1,0,0,0,0,0,0,0
10025764001,1,0,0,0,0,0,0,0,0
10025781001,1,0,0,1,0,0,0,0,0
10025806001,1,0,0,1,1,0,0,0,0
10025817001,0,0,0,1,0,0,0,0,0
10025845001,1,0,0,1,0,0,0,0,0
10025856001,1,0,0,0,0,0,0,0,0
10025871001,0,0,0,1,0,0,0,0,0
10025879001,1,0,0,0,0,0,0,0,0
10025884001,1,0,0,0,0,0,0,0,0
10025929001,0,0,1,0,0,0,0,0,0
10026004001,1,0,0,0,0,0,0,0,0
10026024001,1,0,0,1,0,0,0,0,0
10026056001,0,0,0,0,0,0,1,0,0
10026064001,1,0,0,1,0,0,0,0,0
10026066001,1,0,1,1,0,0,0,0,0
10026069001,1,0,1,1,0,0,0,1,0
10026142001,1,0,1,1,0,0,1,0,0
10026196001,0,0,1,1,0,0,1,0,0
10026198001,1,0,0,1,0,0,0,0,0
10026208001,0,0,0,1,0,0,0,0,0
10026237001,0,1,0,0,0,0,0,0,0
10026280001,1,1,0,1,0,0,0,0,0
10026281001,1,0,0,1,0,0,0,0,0
10026335001,1,0,0,1,0,0,0,0,0
10026477001,1,0,0,1,0,0,0,0,0
10026497001,1,0,0,1,0,0,0,0,0
10026535001,0,0,0,1,0,0,0,0,0
10026569001,0,0,1,1,0,0,0,0,0
10026584001,0,0,0,1,1,0,0,0,0
10026601001,1,0,1,1,0,0,0,0,0
10026656001,1,0,0,1,0,0,0,0,0
10026737001,1,0,0,1,0,0,0,0,0
10026740001,1,0,1,1,0,1,0,0,0
10026748001,1,0,0,1,0,0,1,0,0
10026771001,0,1,0,0,0,0,0,0,0
10026819001,0,0,0,1,0,0,0,0,0
10026867001,1,0,1,1,0,0,0,0,0
10026881001,0,0,0,1,0,0,0,0,0
10026891001,0,1,0,1,0,0,0,0,0
10026905001,1,0,0,1,0,0,1,0,0
10026916001,0,0,1,1,0,0,0,0,0
10026917001,0,0,0,0,0,0,1,0,0
10026951001,1,0,0,1,0,0,0,0,0
10027127001,1,0,0,0,0,1,1,0,0
10027190001,1,0,1,1,0,0,0,0,0
10027216001,0,0,0,1,0,0,0,0,0
10027248001,0,0,0,1,0,0,0,0,0
10027269001,0,0,0,0,0,0,1,0,0
10027299001,1,0,0,1,0,0,0,0,0
10027300001,1,0,0,1,0,0,0,0,0
10027333001,1,0,0,1,0,0,0,0,0
10027349001,0,0,0,1,0,0,0,0,0
10027366001,1,0,1,1,0,0,0,0,0
10027398001,1,0,0,1,0,0,0,0,0
10027414001,0,0,0,1,0,0,0,0,0
10027456001,0,0,0,1,0,0,1,0,0
10027478001,1,0,0,0,0,0,0,0,0
10027550001,1,0,1,1,0,0,0,0,0
10027584001,1,0,0,1,0,0,0,0,0
10027652001,0,1,0,0,0,0,0,0,0
10027754001,1,0,0,1,0,0,0,0,0
10027901001,0,0,1,0,0,0,0,0,0
10027906001,1,0,0,0,0,0,0,0,0
10027957001,0,0,1,0,0,0,0,0,0
10028226001,0,0,0,1,0,0,0,0,0
10028312001,0,0,1,1,0,0,0,0,0
10028327001,1,1,0,0,0,0,0,0,0
10028678001,1,0,0,1,0,0,0,0,0
10028681001,1,1,0,0,0,0,0,0,0
10028694001,0,0,0,0,0,0,1,0,0
10028712001,1,0,1,1,0,0,0,0,0
10028749001,1,0,0,0,0,0,0,0,0
10028784001,0,0,0,0,0,0,1,0,0
10028823001,1,0,1,1,0,0,0,0,0
10028837001,1,0,1,0,0,0,0,0,0
10028847001,0,0,0,1,0,0,0,0,0
10028879001,1,0,1,1,0,0,0,0,0
10028901001,1,0,1,1,0,0,0,0,1
10028930001,1,0,0,1,0,0,0,0,0
10028931001,0,0,0,1,0,0,0,0,0
10028946001,0,0,0,1,0,0,0,0,0
10028978001,0,0,0,1,0,0,0,0,0
10029077001,0,0,0,0,0,0,0,1,0
10029099001,1,0,0,1,0,0,0,0,0
10029127001,1,0,1,1,0,0,1,0,0
10029134001,0,0,0,0,0,0,1,0,0
10029217001,0,0,0,1,0,0,0,0,0
10029270001,1,0,0,1,0,0,0,0,0
10029303001,0,0,1,1,0,0,0,0,0
10029327001,1,0,1,1,0,0,0,0,0
10029345001,0,0,1,1,0,0,0,0,0
10029454001,1,0,0,1,0,0,0,0,0
10029480001,1,0,1,1,0,0,0,0,0
10029495001,1,0,0,0,0,0,1,0,0
10029520001,1,0,0,1,0,0,0,0,0
10029527001,1,0,1,1,0,0,0,0,0
10029554001,1,0,0,0,0,0,0,0,0
10029644001,1,0,0,1,0,0,0,0,0
10029678001,0,0,0,1,0,0,0,0,0
10029689001,1,0,1,1,0,0,0,0,0
10029735001,1,0,1,1,0,0,0,0,0
10029807001,0,0,0,1,0,0,1,0,0
10029821001,1,0,1,1,0,1,0,0,0
10029845001,0,0,1,1,0,0,0,0,0
10029859001,0,0,0,1,0,0,0,0,0
10029868001,0,0,0,0,0,1,1,0,0
10029874001,0,1,0,1,0,0,0,0,0
10029879001,0,0,0,1,0,0,0,0,0
10029909001,0,0,0,1,0,0,1,0,0
10029973001,1,0,1,1,0,0,0,0,0
10030048001,1,0,1,0,0,0,1,0,0
10030076001,1,0,0,1,0,0,0,0,0
10030086001,0,0,0,1,0,0,0,0,0
10030095001,1,1,0,0,0,0,0,0,0
10030099001,0,0,0,1,0,0,0,0,0
10030113001,0,0,0,1,0,0,0,0,0
10030124001,0,0,0,1,0,0,0,0,0
10030164001,1,0,1,1,0,0,0,0,0
10030219001,0,0,0,0,0,0,1,0,0
10030229001,0,0,0,0,0,0,1,0,0
10030284001,1,0,1,1,0,0,0,0,0
10030312001,1,0,1,1,0,0,1,0,0
10030323001,0,0,0,1,0,0,0,0,0
10030384001,1,0,0,0,0,0,1,0,0
10030450001,0,0,0,1,0,0,0,0,0
10030538001,1,0,0,1,0,1,0,0,0
10030557001,1,0,0,1,0,0,0,0,0
10030562001,0,0,0,1,0,1,0,0,0
10030579001,1,0,1,1,0,0,0,0,0
10030600001,0,0,0,1,0,0,0,0,0
10030604001,1,0,0,1,0,0,0,0,0
10030617001,0,0,0,1,0,0,0,0,0
10030636001,0,0,0,1,0,0,0,0,0
10030656001,0,0,1,1,0,0,0,0,0
10030752001,1,0,1,1,0,0,0,0,0
10030756001,1,0,0,0,0,0,0,0,0
10030782001,1,0,0,1,0,0,0,0,0
10030792001,0,0,0,1,0,0,0,0,0
10030955001,0,1,0,1,0,0,1,0,0
10030997001,1,0,1,1,0,0,0,0,0
10031009001,0,0,1,1,0,0,0,0,0
10031014001,1,0,1,1,0,0,0,0,0
10031058001,1,0,1,1,0,0,0,0,0
10031072001,1,0,1,1,0,0,0,0,0
10031083001,0,0,1,1,0,0,0,0,0
10031101001,1,0,1,1,0,0,0,0,0
10031124001,0,0,0,1,0,0,1,0,0
10031209001,1,0,0,1,0,0,0,0,0
10031242001,1,0,0,0,0,0,0,0,0
10031290001,1,1,1,1,0,1,0,0,0
10031293001,0,0,0,1,0,0,0,0,0
10031331001,1,0,0,0,0,0,0,0,0
10031383001,0,0,1,1,0,0,0,0,0
10031386001,0,0,1,1,0,0,0,0,0
10031393001,0,0,0,1,0,0,0,0,0
10031397001,0,0,1,0,0,0,0,0,0
10031416001,0,0,0,1,0,0,0,0,0
10031430001,0,0,0,1,0,0,0,0,0
10031448001,0,0,0,1,0,0,0,0,0
10031563001,1,0,0,1,0,0,0,0,0
10031582001,0,0,1,1,0,0,0,0,0
10031671001,0,0,0,1,0,0,0,0,0
10031721001,1,0,0,1,0,0,0,0,0
10031775001,0,0,1,1,0,0,0,0,0
10031781001,1,0,0,0,0,0,0,0,0
10031782001,1,0,0,1,0,0,1,0,0
10031859001,0,0,0,1,0,0,0,0,0
10031931001,1,0,0,1,0,0,0,0,0
10031941001,1,0,0,1,0,0,0,0,0
10031943001,1,0,1,0,0,0,0,0,0
10031951001,0,0,1,0,0,0,0,0,0
10031979001,1,0,1,1,0,0,0,0,0
10032010001,0,0,1,1,0,0,0,0,0
10032068001,0,0,0,1,0,0,0,0,0
10032070001,1,0,1,1,0,0,1,0,0
10032085001,0,0,1,1,0,0,0,0,0
10032124001,0,0,0,1,0,0,0,0,0
10032141001,1,0,0,0,0,0,0,0,0
10032150001,0,1,0,1,0,0,0,0,0
10032170001,1,0,0,1,0,0,0,0,0
10032171001,1,0,0,1,0,1,0,0,0
10032185001,0,0,1,1,0,0,0,0,0
10032233001,1,0,1,1,0,0,0,0,0
10032234001,0,0,0,1,0,0,0,0,0
10032256001,0,0,0,1,0,0,1,0,0
10032270001,0,0,1,1,1,0,0,0,0
10032275001,1,0,0,1,0,0,0,0,0
10032286001,0,1,0,0,0,0,1,0,0
10032287001,0,0,0,1,0,0,0,0,0
10032316001,1,0,1,1,0,0,0,1,0
10032328001,1,0,1,1,0,0,0,0,0
10032383001,0,1,0,0,0,0,0,0,0
10032397001,0,0,0,1,0,0,0,0,0
10032405001,1,0,0,0,0,0,0,0,0
10032417001,1,0,1,1,0,0,0,0,0
10032512001,1,0,1,1,0,0,0,0,0
10032545001,1,0,0,1,1,0,0,0,0
10032589001,0,0,0,0,0,0,1,0,0
10032632001,0,0,0,1,0,0,0,0,0
10032648001,0,0,0,1,0,1,0,0,0
10032654001,1,0,1,1,0,1,0,0,0
10032723001,0,0,0,1,1,0,0,0,0
10032735001,1,0,1,1,0,0,0,0,0
10032762001,0,0,0,1,0,0,0,0,0
10032806001,1,0,0,1,0,0,0,0,0
10032954001,1,1,0,0,0,0,0,0,0
10032967001,1,0,0,1,0,0,0,0,0
10033001001,1,0,0,1,0,0,0,0,0
10033025001,0,0,0,0,0,0,1,0,0
10033072001,1,0,1,1,0,0,0,0,0
10033133001,1,0,0,1,0,0,0,1,0
10033180001,0,0,0,1,0,0,0,0,0
10033183001,1,0,0,1,0,0,0,0,0
10033188001,1,0,0,0,0,0,0,0,0
10033227001,0,0,0,1,1,0,0,0,0
10033246001,1,0,0,0,0,0,1,0,0
10033275001,1,0,0,0,0,0,1,0,0
10033335001,0,0,0,1,0,0,1,0,0
10033364001,0,0,0,1,0,1,0,0,0
10033402001,0,0,0,0,0,0,1,0,0
10033467001,1,0,0,0,0,0,0,0,0
10033468001,1,0,1,1,0,0,0,0,0
10033484001,0,0,0,1,0,0,0,0,0
10033500001,1,0,0,1,0,0,0,0,0
10033520001,1,0,0,1,0,0,0,0,0
10033557001,0,0,0,1,0,0,0,0,0
10033577001,0,0,0,1,0,0,0,0,0
10033602001,0,0,0,1,0,0,0,0,0
10033609001,1,0,0,1,0,0,1,0,0
10033613001,1,0,0,1,0,0,0,0,0
10033687001,1,0,0,1,0,0,0,0,0
10033690001,0,0,1,1,0,0,0,0,0
10033723001,1,0,0,1,0,0,1,0,0
10033742001,0,0,0,1,0,0,0,0,0
10033816001,1,0,0,1,0,0,0,0,0
10033822001,1,0,0,1,0,0,1,0,0
10033842001,1,0,1,1,0,0,0,0,0
10033855001,1,0,0,1,1,0,0,0,0
10033882001,1,0,0,1,0,0,0,0,0
10033884001,1,0,0,0,0,0,0,0,0
10033896001,1,0,1,1,0,0,0,0,0
10033897001,0,0,0,1,0,0,0,0,0
10033958001,1,0,0,0,0,0,0,0,0
10034124001,0,0,0,1,0,0,0,0,0
10034142001,0,0,0,1,0,0,0,0,0
10034149001,1,0,0,0,0,0,1,0,0
10034176001,0,0,0,1,0,0,0,0,0
10034196001,0,0,1,1,0,0,1,0,0
10034218001,0,0,0,0,1,0,0,0,0
10034223001,0,0,0,0,0,0,1,0,0
10034236001,1,0,0,1,0,1,0,0,0
10034283001,1,0,1,1,0,0,0,0,0
10034295001,0,1,0,0,0,0,0,0,0
10034298001,0,0,1,1,0,0,0,0,0
10034351001,1,0,0,0,0,0,0,0,0
10034355001,1,0,1,1,0,0,0,0,0
10034368001,1,0,0,1,0,0,0,0,0
10034397001,0,0,0,0,0,0,1,0,0
10034434001,0,1,0,0,0,0,0,0,0
10034473001,1,0,1,1,0,0,0,0,0
10034511001,0,0,0,1,1,0,0,0,0
10034530001,0,0,0,1,0,0,0,0,0
10034550001,1,0,1,1,0,0,1,0,0
10034574001,1,0,0,0,0,0,0,0,0
10034597001,1,0,1,1,0,0,0,0,0
10034629001,1,0,0,0,0,0,0,0,0
10034631001,0,0,1,1,0,0,0,0,0
10034640001,0,0,1,0,0,0,0,0,0
10034652001,1,1,0,0,0,0,1,0,0
10034675001,1,0,0,1,0,1,0,0,0
10034691001,0,0,1,1,0,0,0,0,0
10034728001,0,0,0,1,0,0,0,0,0
10034747001,1,0,1,1,0,0,0,0,0
10034794001,1,0,0,1,1,0,0,0,0
10034808001,0,0,1,1,0,1,0,0,0
10034841001,1,0,0,0,0,0,0,0,0
10034941001,1,0,0,1,0,0,0,0,0
10035002001,1,0,0,1,0,0,0,0,0
10035019001,1,0,1,1,0,1,0,0,0
10035050001,1,0,1,1,0,0,0,0,0
10035073001,0,0,0,1,0,0,0,0,0
10035082001,0,0,1,0,0,0,1,0,0
10035086001,0,0,0,1,0,0,1,0,0
10035089001,0,0,1,0,0,0,0,0,0
10035095001,0,0,0,1,0,0,0,0,0
10035102001,0,0,0,0,0,1,0,0,0
10035105001,0,0,0,1,0,0,0,0,0
10035130001,0,0,1,1,0,0,0,0,0
10035136001,1,0,0,0,0,0,0,0,0
10035171001,1,0,0,0,0,0,0,0,0
10035197001,1,0,0,1,0,0,0,0,0
10035201001,1,1,0,1,0,0,0,0,0
10035215001,0,0,0,0,1,0,0,0,0
10035243001,0,0,0,0,0,0,1,0,0
10035251001,0,1,0,0,0,0,0,0,0
10035272001,0,0,0,0,0,0,1,0,0
10035281001,1,0,1,0,0,0,0,0,0
10035288001,0,0,1,0,0,0,0,0,0
10035328001,1,0,0,1,0,0,0,0,0
10035473001,0,0,0,1,0,0,0,0,0
10035549001,1,0,1,1,0,0,0,0,0
10035564001,0,0,0,1,0,1,0,0,0
10035567001,0,0,0,1,0,0,0,0,0
10035627001,1,0,0,0,0,0,0,0,0
10035649001,0,0,0,0,0,0,1,0,1
10035664001,0,0,0,1,0,0,0,0,0
10035684001,0,1,0,0,0,0,0,0,1
10035733001,0,0,1,0,0,0,0,0,0
10035737001,1,0,0,0,0,0,0,0,0
10035746001,1,0,0,1,1,0,0,0,0
10035807001,1,0,0,1,0,0,1,0,0
10035816001,0,0,0,1,0,0,0,0,0
10035822001,1,0,1,1,0,0,0,0,0
10035844001,1,0,0,1,0,0,0,0,0
10035848001,1,0,1,1,0,0,0,0,0
10035857001,1,0,0,0,0,0,0,0,0
10035914001,0,0,1,1,0,0,0,0,0
10035920001,1,0,0,1,0,0,0,0,0
10035924001,0,0,0,1,0,0,0,0,0
10035927001,0,0,0,1,0,0,0,0,0
10035939001,0,0,0,0,0,0,0,0,1
10035962001,0,0,0,1,0,0,0,0,0
10035966001,0,0,0,0,0,0,0,0,1
10035984001,0,0,0,1,0,0,0,0,0
10035989001,0,0,0,0,0,0,0,0,1
10036007001,1,0,0,0,0,0,0,0,0
10036008001,0,0,0,1,0,0,1,0,0
10036022001,0,0,0,1,0,0,0,0,0
10036030001,0,0,0,1,0,0,0,0,0
10036058001,0,0,0,1,0,0,0,0,0
10036096001,1,0,1,1,0,0,0,0,0
10036136001,1,1,1,1,0,0,0,0,0
10036155001,1,0,0,0,0,0,0,0,0
10036174001,0,0,0,1,0,0,0,0,0
10036178001,0,0,0,0,0,0,0,0,1
10036290001,0,0,1,0,0,0,0,0,0
10036307001,0,0,0,1,0,0,0,0,0
10036317001,0,0,0,1,0,0,0,0,0
10036347001,1,0,1,0,0,0,0,0,0
10036395001,0,0,1,0,0,1,0,0,0
10036402001,1,0,0,1,0,1,1,0,0
10036414001,1,0,0,0,0,0,0,0,0
10036455001,1,0,1,0,0,0,0,0,0
10036465001,1,0,1,1,0,0,0,0,0
10036467001,0,0,0,1,0,0,0,0,0
10036519001,1,0,0,0,0,0,0,0,0
10036616001,1,0,0,0,0,0,0,0,0
10036671001,1,0,0,1,0,0,0,0,0
10036704001,0,0,0,0,0,0,1,0,0
10036723001,0,0,0,1,0,0,0,0,0
10036725001,1,0,0,0,0,0,0,0,1
10036729001,0,0,1,1,0,0,0,0,0
10036780001,1,0,1,1,0,0,0,0,0
10036788001,0,0,0,1,0,0,0,0,0
10036789001,1,0,0,1,0,0,0,0,0
10036792001,1,0,0,1,0,0,0,0,0
10036842001,1,0,0,1,0,0,0,0,0
10036843001,1,0,1,1,0,0,1,0,0
10036847001,0,0,0,1,0,0,0,0,0
10036895001,1,0,0,1,0,0,0,0,0
10036899001,0,0,0,1,0,0,0,0,0
10036905001,0,0,1,1,0,0,0,0,0
10036951001,0,0,0,0,0,0,1,0,0
10036957001,1,0,0,1,0,0,1,0,0
10036992001,1,0,0,0,0,0,0,0,0
10037004001,1,0,0,1,0,0,1,0,0
10037018001,0,0,0,1,0,0,0,0,0
10037030001,1,0,0,1,0,0,0,0,0
10037034001,0,0,1,1,0,0,0,0,0
10037037001,0,0,0,1,0,0,0,0,0
10037072001,0,0,0,1,0,0,0,0,0
10037100001,1,0,0,0,0,0,0,0,0
10037150001,0,0,0,1,0,0,0,0,0
10037151001,1,0,0,1,0,0,0,1,0
10037220001,0,0,0,0,0,0,1,0,0
10037237001,1,0,1,1,0,0,0,0,0
10037256001,1,0,0,1,0,0,0,0,0
10037305001,1,0,0,1,0,0,0,0,0
10037415001,1,0,0,0,0,0,0,0,0
10037439001,1,0,0,1,0,0,0,0,0
10037452001,0,0,0,1,0,0,0,0,0
10037462001,1,1,0,1,0,0,0,0,0
10037496001,1,0,0,0,0,0,1,0,0
10037502001,1,0,1,1,0,1,0,0,0
10037508001,1,0,0,1,0,0,0,0,0
10037514001,0,0,0,1,0,0,0,0,0
10037544001,1,0,1,1,0,0,1,0,0
10037564001,1,0,0,1,0,0,0,0,0
10037585001,0,0,0,1,0,0,0,0,0
10037597001,0,0,1,0,0,0,0,0,0
10037601001,1,0,0,1,0,0,0,0,0
10037605001,0,0,0,1,0,0,0,0,0
10037627001,0,0,0,0,0,0,1,0,0
10037646001,1,0,0,1,0,0,0,0,0
10037661001,1,0,0,1,0,0,0,0,0
10037739001,0,0,0,1,0,0,0,0,0
10037757001,0,0,0,0,0,0,1,0,0
10037778001,1,0,0,0,0,0,0,0,0
10037807001,1,0,0,0,0,0,0,0,0
10037816001,0,0,0,1,0,0,0,0,0
10037848001,1,0,1,0,0,0,0,0,0
10037857001,0,0,0,1,0,0,0,0,0
10037906001,0,0,0,1,0,0,0,0,0
10037925001,1,0,1,1,0,0,0,0,0
10037926001,1,0,0,0,0,0,0,0,0
10037927001,0,0,0,1,1,0,0,0,0
10038059001,0,0,0,1,0,0,1,0,0
10038090001,1,0,1,1,0,0,0,0,0
10038092001,1,0,0,1,1,0,0,0,0
10038098001,1,0,0,1,0,0,0,0,0
10038127001,0,0,0,1,0,1,0,0,0
10038137001,0,0,1,1,0,0,0,0,0
10038149001,1,0,0,1,0,0,0,0,0
10038182001,0,0,0,1,0,0,0,0,0
10038183001,1,0,0,1,0,0,0,0,0
10038210001,1,0,1,1,0,0,0,0,0
10038226001,1,0,1,1,0,0,0,0,0
10038259001,0,0,1,1,0,0,0,0,0
10038274001,0,0,0,1,0,0,0,0,0
10038308001,0,0,0,1,0,0,0,0,0
10038312001,0,0,1,1,0,0,0,0,0
10038331001,0,0,0,1,0,0,0,0,0
10038335001,0,0,0,1,0,0,0,0,0
10038346001,0,0,0,1,0,0,0,0,0
10038365001,1,0,0,1,0,0,0,0,0
10038382001,1,0,1,1,0,1,1,0,0
10038467001,0,0,0,1,0,0,0,0,0
10038508001,0,0,1,1,0,0,0,0,0
10038521001,0,0,0,1,0,0,0,0,0
10038563001,0,0,0,1,0,0,0,0,0
10038652001,1,0,0,1,0,0,0,0,0
10038654001,0,0,0,1,0,0,0,0,0
10038658001,1,0,0,1,0,0,0,0,0
10038668001,1,0,0,1,0,0,0,0,0
10038675001,0,0,1,1,0,1,0,0,0
10038677001,1,0,0,0,0,0,0,0,0
10038702001,1,0,0,1,0,0,0,0,0
10038729001,1,0,0,0,0,0,1,0,0
10038750001,1,0,0,0,0,0,0,0,0
10038769001,0,0,0,1,1,0,0,0,0
10038787001,0,0,1,1,0,0,0,0,0
10038797001,1,0,0,0,0,0,0,0,0
10038806001,1,0,1,1,0,0,0,0,0
10038815001,0,0,0,1,0,0,0,0,0
10038840001,1,1,1,1,0,0,0,0,0
10038848001,0,0,1,1,0,0,0,0,0
10038882001,1,0,1,1,0,0,0,0,0
10038891001,1,0,1,0,0,0,0,0,0
10038914001,0,0,0,1,0,0,0,0,0
10038915001,1,0,1,1,0,1,0,0,0
10038918001,1,0,0,1,0,0,0,0,0
10038919001,1,0,0,0,0,0,0,0,0
10038964001,0,0,0,1,0,0,0,0,0
10039000001,0,0,1,1,0,0,0,0,0
10039004001,1,0,0,1,0,0,0,0,0
10039024001,0,1,0,0,0,0,1,0,0
10039032001,1,1,0,0,0,0,1,0,0
10039043001,1,0,0,0,0,0,0,0,0
10039079001,0,0,0,1,0,0,0,0,0
10039110001,1,0,0,1,0,0,0,0,0
10039123001,0,0,0,0,0,0,1,0,0
10039152001,0,0,0,1,0,0,0,0,0
10039203001,0,0,0,1,0,0,0,0,0
10039237001,1,0,0,0,0,0,1,0,0
10039257001,0,0,0,1,0,0,0,0,0
10039264001,0,0,1,1,0,0,0,0,0
10039336001,0,0,0,1,0,0,0,0,0
10039371001,1,0,1,1,0,0,1,0,0
10039376001,1,0,1,1,0,0,0,0,0
10039383001,0,0,0,1,0,1,0,0,0
10039461001,0,0,0,1,0,0,0,0,0
10039462001,0,0,0,1,0,0,0,0,0
10039513001,0,0,1,1,0,1,0,0,0
10039523001,0,0,0,1,0,0,0,0,0
10039525001,1,0,0,0,0,0,0,0,0
10039529001,0,0,0,1,0,0,0,0,0
10039542001,0,0,0,0,0,0,1,0,0
10039575001,1,0,0,0,0,0,0,0,0
10039576001,0,0,1,1,1,0,0,0,0
10039603001,1,0,0,1,0,1,0,0,0
10039607001,1,0,0,1,0,0,0,0,0
10039650001,1,0,0,0,0,1,0,0,0
10039667001,1,1,0,0,0,0,0,0,0
10039682001,1,0,0,1,0,0,0,0,0
10039696001,1,0,0,0,0,1,0,0,0
10039708001,1,0,0,1,0,0,0,0,0
10039728001,1,0,1,1,0,0,0,0,0
10039748001,0,0,0,1,0,0,0,0,0
10039750001,0,0,1,1,0,0,0,0,0
10039779001,1,0,1,1,0,0,1,0,0
10039780001,1,0,0,1,0,0,0,0,0
10039816001,0,0,0,1,0,0,0,0,0
10039825001,0,0,1,0,0,0,0,0,0
10039827001,1,0,0,1,0,0,0,0,0
10039836001,0,0,1,1,0,0,1,0,0
10039872001,0,0,0,1,0,0,0,0,0
10039889001,0,0,0,1,0,0,0,0,0
10039900001,1,0,1,1,0,1,0,0,0
10039953001,1,0,0,1,0,0,0,0,0
10039999001,1,0,0,0,0,0,0,0,0
10040020001,1,0,0,1,0,0,0,0,0
10040061001,1,0,0,1,0,0,0,0,0
10040100001,0,0,0,1,0,0,0,0,0
10040102001,1,0,0,1,0,0,0,0,0
10040104001,0,0,0,1,1,0,0,0,0
10040185001,0,0,0,1,0,0,0,0,0
10040199001,1,0,0,1,0,0,0,0,0
10040200001,1,0,0,1,1,0,0,0,0
10040212001,1,0,1,0,0,0,0,0,0
10040222001,0,0,1,1,0,0,0,0,0
10040227001,1,0,0,0,0,0,0,0,0
10040242001,1,0,1,1,0,0,0,0,0
10040246001,1,0,1,1,0,0,1,0,0
10040264001,0,0,0,1,0,0,0,0,0
10040289001,0,0,1,0,0,0,0,0,0
10040303001,0,0,0,0,0,0,1,0,0
10040314001,1,0,1,1,0,0,0,0,0
10040329001,1,0,0,1,0,1,0,0,0
10040334001,1,0,0,0,0,0,0,0,0
10040353001,1,0,1,1,0,0,1,0,0
10040364001,1,0,0,0,0,0,0,0,0
10040400001,0,0,0,1,0,0,0,0,0
10040401001,0,0,0,1,0,0,0,0,0
10040403001,0,0,0,1,1,0,0,0,0
10040407001,1,0,0,1,0,0,0,0,0
10040444001,0,0,1,1,0,0,0,0,0
10040459001,0,0,1,1,0,0,0,0,0
10040466001,1,0,0,1,0,1,0,0,0
10040493001,1,0,0,0,0,1,0,0,0
10040529001,1,0,0,0,0,0,1,0,0
10040555001,1,0,1,1,0,0,0,0,0
10040621001,1,0,0,1,0,0,0,0,0
10040628001,1,0,0,0,0,0,0,0,0
10040635001,0,0,1,1,0,0,0,0,0
10040656001,1,0,0,1,0,0,0,0,0
10040664001,1,0,0,1,0,0,0,0,0
10040788001,1,0,1,1,0,0,0,0,0
10040841001,1,0,1,1,0,0,0,1,0
10040850001,0,0,0,1,0,1,0,0,0
10040862001,0,0,0,1,0,0,1,0,0
10040884001,1,0,1,1,0,0,0,0,0
10040885001,1,0,0,0,0,0,0,0,1
10040887001,1,0,0,0,0,0,0,0,0
10040916001,0,0,1,0,0,0,0,0,0
10040981001,1,0,0,0,0,1,0,0,0
10040982001,1,0,0,0,0,0,0,0,0
10040996001,0,0,0,1,0,0,0,0,0
10041011001,1,0,0,0,0,0,0,0,0
10041050001,1,0,0,1,0,0,0,0,0
10041068001,1,0,1,1,0,0,0,0,0
10041077001,0,0,1,1,0,0,0,0,0
10041091001,0,1,0,0,0,0,0,0,0
10041096001,1,0,0,1,0,0,0,0,0
10041110001,1,0,0,1,0,0,0,0,0
10041116001,0,0,1,1,0,0,0,0,0
10041121001,0,0,0,1,0,0,0,0,0
10041182001,0,1,0,0,0,0,0,0,0
10041214001,1,0,0,0,0,0,1,0,0
10041215001,0,0,0,1,0,0,0,0,0
10041225001,1,0,0,0,0,0,0,0,0
10041231001,0,0,0,1,0,0,0,0,0
10041256001,1,0,1,1,0,0,0,0,0
10041286001,1,0,0,1,0,1,0,0,0
10041288001,1,0,0,1,0,0,0,0,0
10041297001,1,0,0,0,0,0,0,0,0
10041298001,1,1,1,1,0,0,0,0,0
10041307001,1,0,0,0,0,0,0,0,0
10041492001,1,1,0,0,0,0,0,0,0
10041498001,1,0,1,1,0,1,0,0,0
10041548001,1,0,1,1,0,0,1,0,0
10041563001,0,0,0,1,0,0,0,0,0
10041578001,1,0,0,1,0,0,0,0,0
10041594001,1,0,0,0,0,0,0,0,0
10041606001,1,0,1,1,0,0,0,0,0
10041624001,0,0,0,1,0,0,1,0,0
10041660001,0,0,1,1,0,0,0,0,0
10041667001,1,0,0,0,0,0,1,0,0
10041706001,0,0,1,0,0,1,0,0,0
10041723001,1,0,1,1,0,0,0,0,0
10041724001,1,0,0,0,0,0,0,0,0
10041846001,0,0,1,1,0,0,0,0,0
10041886001,0,0,0,1,0,0,0,0,0
10041891001,1,0,0,1,0,0,0,0,0
10041893001,1,0,1,1,0,0,0,0,0
10041894001,1,0,1,1,0,0,0,0,0
10041896001,1,0,1,1,0,0,0,0,0
10041902001,0,0,1,1,0,0,0,0,0
10041904001,0,0,1,1,0,0,0,0,0
10041955001,1,0,0,1,0,0,0,0,0
10041972001,0,0,0,0,0,0,1,0,0
10041985001,0,0,0,1,0,0,0,0,0
10042008001,0,0,0,1,0,0,0,0,0
10042060001,1,0,0,1,0,0,0,0,0
10042092001,0,0,1,1,1,0,0,0,0
10042126001,0,0,0,1,1,0,0,0,0
10042127001,0,0,0,0,0,0,1,0,0
10042196001,0,0,0,1,0,0,0,0,0
10042214001,1,0,0,1,0,0,0,0,0
10042229001,0,1,0,1,0,0,0,0,0
10042351001,1,0,0,0,0,0,0,0,0
10042359001,1,0,0,0,0,0,0,0,0
10042392001,1,0,1,1,0,0,0,0,0
10042470001,1,0,0,1,0,0,0,0,0
10042474001,1,0,0,0,0,1,1,0,0
10042491001,0,0,0,0,0,0,1,0,0
10042504001,1,0,1,1,0,0,0,0,0
10042513001,0,0,0,1,0,0,0,0,0
10042528001,0,0,1,0,0,0,1,0,1
10042560001,1,0,0,0,0,0,0,0,0
10042651001,0,0,0,1,0,0,0,0,0
10042656001,0,0,0,1,0,0,0,0,0
10042659001,0,1,0,1,0,0,0,0,0
10042660001,0,0,0,1,1,0,0,0,0
10042665001,1,0,0,0,0,0,0,0,0
10042755001,1,0,1,1,0,0,0,0,0
10042756001,0,1,0,1,0,0,0,0,0
10042830001,1,0,0,0,0,0,0,0,0
10042874001,0,0,0,1,1,0,0,0,0
10042893001,0,0,0,1,0,0,0,0,0
10042908001,1,0,0,1,0,1,1,0,0
10042916001,1,0,0,0,0,0,0,0,0
10042969001,0,0,1,1,0,0,0,0,0
10043013001,0,0,0,1,0,0,0,0,0
10043035001,0,0,0,1,0,0,0,0,0
10043070001,0,0,0,1,0,0,1,0,0
10043078001,1,0,1,1,1,0,0,0,0
10043091001,0,0,0,0,0,0,0,0,1
10043097001,0,0,0,1,0,0,0,0,0
10043113001,0,0,0,1,0,0,0,0,0
10043157001,0,0,0,1,1,0,0,0,0
10043166001,1,0,1,0,0,0,1,0,0
10043182001,1,0,1,1,0,0,0,0,0
10043187001,1,0,0,1,1,0,0,0,0
10043192001,1,0,0,0,0,0,0,0,0
10043241001,0,0,0,1,0,0,0,0,0
10043255001,1,0,1,1,0,0,0,0,0
10043293001,0,0,0,1,0,0,0,0,0
10043325001,0,0,0,1,1,0,0,0,0
10043479001,0,0,1,1,1,0,0,0,0
10043487001,0,0,1,1,0,1,0,0,0
10043572001,1,0,1,0,1,0,0,0,0
10043594001,1,0,1,0,0,0,0,0,0
10043599001,1,0,0,0,0,0,1,0,0
10043645001,1,0,1,1,0,0,1,0,0
10043650001,1,0,1,1,0,0,0,0,0
10043652001,1,0,0,0,0,1,0,0,0
10043668001,0,0,0,1,0,0,0,0,0
10043679001,1,0,1,1,0,0,1,0,0
10043684001,0,0,0,1,1,0,0,0,0
10043687001,1,0,0,1,0,0,1,0,0
10043724001,0,0,1,1,0,0,0,0,0
10043791001,0,0,1,1,0,0,0,0,0
10043909001,0,0,0,1,0,0,0,0,0
10043915001,1,0,1,1,1,0,0,0,0
10043926001,0,0,1,1,0,0,1,0,0
10043938001,0,0,0,1,1,0,0,0,0
10043970001,1,0,1,1,0,0,0,0,0
10043978001,0,0,1,1,1,0,0,0,0
10043981001,0,0,0,1,0,0,0,0,0
10044010001,1,0,0,1,0,0,0,0,0
10044069001,0,0,0,1,0,0,0,0,0
10044076001,1,0,0,0,0,0,0,0,0
10044093001,1,0,0,1,0,0,0,0,0
10044134001,1,0,0,0,0,0,0,0,0
10044141001,1,0,1,1,0,0,0,0,0
10044168001,0,1,0,1,0,0,0,0,0
10044208001,0,0,0,1,0,0,0,0,0
10044234001,1,0,0,1,0,0,0,0,0
10044267001,0,0,0,1,1,0,0,0,0
10044284001,0,0,0,1,0,0,0,0,0
10044294001,1,0,0,0,0,0,0,0,0
10044296001,1,0,0,1,0,0,0,0,0
10044302001,0,0,0,1,0,0,0,0,0
10044357001,1,1,1,1,0,0,0,0,0
10044374001,0,0,1,1,0,0,0,0,0
10044375001,1,0,1,0,0,0,1,0,0
10044376001,1,0,0,1,1,0,0,0,0
10044423001,0,1,0,0,0,0,1,0,0
10044455001,0,0,0,1,0,0,0,0,0
10044460001,1,0,0,1,0,0,0,0,0
10044463001,1,0,1,1,0,0,0,0,0
10044468001,0,0,0,1,0,0,0,0,0
10044469001,0,0,0,0,0,0,1,0,0
10044475001,1,0,0,0,0,0,0,0,0
10044477001,0,0,0,1,0,0,0,0,0
10044515001,0,0,0,1,0,0,0,0,0
10044532001,1,0,0,1,0,0,0,0,0
10044533001,0,0,0,1,0,0,0,0,0
10044540001,1,0,0,0,0,0,0,0,0
10044541001,0,0,1,1,0,0,0,0,0
10044557001,0,0,1,1,0,0,0,0,0
10044575001,1,0,0,0,0,0,0,0,0
10044603001,1,1,1,1,0,0,0,0,0
10044619001,0,0,0,1,0,0,0,0,0
10044637001,0,0,1,1,0,0,0,0,0
10044653001,0,0,0,1,0,0,1,0,0
10044659001,1,0,1,1,0,0,0,0,0
10044672001,0,0,0,0,0,0,1,0,0
10044676001,0,0,0,0,0,0,1,0,0
10044679001,0,0,0,1,0,0,0,0,1
10044682001,1,0,0,0,0,0,0,0,0
10044685001,0,1,1,1,0,0,0,0,0
10044692001,1,0,0,1,0,0,0,0,0
10044702001,1,0,1,1,0,0,0,0,0
10044724001,1,1,1,1,0,0,0,0,0
10044725001,0,0,0,1,0,0,0,0,0
10044730001,0,1,0,0,0,0,0,0,0
10044779001,1,0,1,1,0,0,0,0,0
10044790001,1,0,0,0,0,0,0,0,0
10044808001,1,0,0,1,0,1,1,0,0
10044837001,0,1,0,1,0,0,0,0,0
10044839001,0,0,0,1,0,0,0,0,0
10044864001,0,1,0,1,0,0,1,0,0
10044926001,1,1,0,1,0,0,0,0,0
10044962001,1,0,0,1,0,0,0,0,0
10044989001,0,0,1,1,0,0,0,0,0
10045009001,1,0,0,1,1,0,0,1,0
10045029001,1,0,0,0,0,0,0,0,0
10045061001,0,0,0,1,0,0,0,0,0
10045064001,0,0,0,1,0,0,0,0,0
10045071001,0,0,0,1,0,0,0,0,0
10045076001,1,0,0,1,0,0,0,0,0
10045102001,1,0,1,1,0,0,0,0,0
10045121001,0,0,0,1,0,0,0,0,0
10045151001,1,0,0,0,0,0,1,0,0
10045163001,1,0,1,1,0,1,0,0,0
10045165001,1,0,0,0,0,0,0,0,0
10045211001,0,0,0,1,0,0,0,0,0
10045218001,0,1,1,0,0,0,0,0,0
10045235001,0,0,1,1,0,0,0,0,0
10045271001,1,0,0,1,0,0,0,0,0
10045281001,1,0,1,1,0,0,0,0,0
10045373001,0,1,1,1,0,0,1,0,0
10045397001,0,0,1,1,0,0,0,0,0
10045409001,1,0,0,1,0,0,0,0,0
10045431001,0,0,1,1,0,0,0,0,0
10045432001,0,0,0,1,0,0,0,0,0
10045439001,0,0,0,0,0,1,0,0,0
10045448001,0,0,1,0,0,0,0,0,0
10045455001,1,0,1,1,0,0,0,0,0
10045474001,1,0,1,1,0,0,0,0,0
10045482001,1,0,1,1,0,0,1,0,0
10045483001,1,0,0,1,0,0,0,1,0
10045486001,1,0,0,1,0,0,0,0,0
10045498001,1,0,1,1,0,0,0,1,0
10045503001,0,1,0,0,0,0,0,0,0
10045521001,1,0,0,0,0,0,0,0,0
10045581001,1,0,1,1,0,0,0,0,0
10045585001,1,0,1,1,0,0,0,0,0
10045609001,1,0,1,1,0,1,0,0,0
10045618001,1,0,0,1,0,0,0,0,0
10045627001,1,0,1,1,0,0,0,0,0
10045629001,1,0,0,0,0,0,0,0,0
10045650001,0,0,0,1,0,0,0,0,0
10045693001,1,0,1,1,0,0,0,0,0
10045715001,0,0,1,1,0,0,0,0,0
10045719001,1,0,0,0,0,0,0,0,0
10045728001,1,0,0,0,0,0,0,0,0
10045785001,1,0,0,1,0,0,0,0,0
10045824001,1,0,0,1,0,0,0,0,0
10045825001,1,0,0,0,0,0,0,0,0
10045847001,1,0,0,1,1,0,0,0,0
10045857001,1,0,0,1,0,0,0,0,0
10045858001,0,0,1,1,0,0,0,0,0
10045908001,1,0,0,1,0,0,0,0,0
10045922001,0,0,1,1,0,0,1,0,0
10045924001,0,0,0,1,0,0,0,0,0
10045942001,1,0,0,1,0,0,0,0,0
10045945001,0,0,0,1,0,0,0,0,0
10045947001,1,0,0,1,0,0,0,0,0
10045961001,0,0,0,1,0,0,0,0,0
10045980001,1,0,0,1,0,0,0,0,0
10046007001,0,0,1,0,0,0,0,0,0
10046010001,0,0,0,1,0,0,0,0,0
10046023001,1,0,1,1,1,0,0,0,0
10046027001,1,0,0,1,0,0,0,0,0
10046029001,1,0,0,1,0,0,0,0,0
10046035001,0,0,0,1,0,0,0,0,0
10046055001,1,0,1,1,0,1,0,0,0
10046061001,1,0,1,1,0,0,1,0,0
10046063001,1,0,1,1,0,0,0,0,0
10046078001,1,0,0,0,0,0,0,0,0
10046101001,1,0,0,1,0,0,0,0,0
10046119001,0,0,0,1,1,0,0,0,0
10046126001,0,0,0,1,0,1,1,0,0
10046133001,1,0,1,1,0,0,0,0,0
10046152001,0,0,0,1,0,0,0,0,0
10046153001,0,0,1,1,0,0,0,0,0
10046155001,0,0,0,1,0,0,0,0,0
10046171001,1,0,1,1,0,0,0,0,0
10046174001,1,0,0,0,0,1,1,0,0
10046182001,1,0,0,1,1,0,0,0,0
10046184001,1,0,0,1,0,0,0,0,0
10046247001,0,0,0,1,0,0,0,0,0
10046269001,1,0,0,1,0,0,0,0,1
10046274001,0,0,1,1,0,0,0,0,0
10046296001,1,0,1,1,0,0,1,0,0
10046310001,1,0,1,1,0,0,1,0,0
10046325001,1,0,1,1,0,0,0,0,0
10046342001,1,0,1,1,1,0,0,0,0
10046373001,0,0,0,1,0,0,0,0,0
10046419001,1,0,1,1,0,0,0,0,0
10046451001,0,0,0,1,0,0,0,0,0
10046471001,0,0,1,1,0,0,0,0,0
10046493001,0,1,0,1,0,0,0,0,0
10046512001,1,0,0,1,1,0,0,0,0
10046563001,1,0,0,1,0,1,1,0,0
10046578001,0,0,1,1,1,0,0,0,0
10046603001,1,0,0,1,0,0,0,0,0
10046634001,1,0,0,0,0,0,0,0,0
10046639001,1,0,0,1,1,0,0,0,0
10046640001,1,0,0,1,0,0,1,0,0
10046645001,1,0,0,1,0,0,0,0,0
10046660001,0,0,0,1,0,0,0,0,0
10046670001,0,0,1,1,0,1,0,0,0
10046677001,0,0,0,1,0,0,0,0,0
10046697001,1,0,0,1,0,0,0,0,0
10046702001,1,0,0,1,1,0,0,0,0
10046711001,0,0,0,1,0,0,0,0,0
10046748001,1,0,1,1,0,0,0,0,0
10046768001,0,0,1,1,0,0,0,0,0
10046770001,1,0,0,1,0,0,0,0,0
10046777001,0,0,0,1,0,0,0,0,0
10046797001,1,0,0,0,0,0,0,0,0
10046806001,0,0,1,0,0,0,0,0,0
10046831001,0,0,0,1,0,0,1,0,0
10046850001,1,0,0,0,0,0,0,0,0
10046899001,0,0,0,1,0,0,0,0,0
10046906001,1,0,0,1,0,0,0,0,0
10046913001,0,0,1,1,0,0,0,0,0
10046938001,0,0,0,1,0,0,0,0,0
10046950001,0,1,0,1,0,0,0,0,0
10046967001,0,0,1,0,0,0,0,0,0
10046969001,0,0,0,1,0,0,1,0,0
10046983001,0,0,0,1,0,0,0,0,0
10046998001,0,0,1,1,0,0,0,0,0
10047000001,0,1,0,1,0,0,0,0,0
10047012001,0,0,0,1,0,0,0,0,0
10047043001,1,0,0,1,0,0,1,1,0
10047044001,0,0,0,1,0,0,0,0,0
10047046001,0,0,0,1,0,0,0,0,0
10047047001,1,0,1,1,0,0,0,0,0
10047049001,0,0,1,1,0,1,0,0,0
10047053001,0,0,0,0,0,1,0,0,0
10047124001,1,0,1,1,0,0,0,0,0
10047145001,1,0,0,0,0,0,0,0,0
10047152001,0,1,0,1,0,0,0,0,0
10047153001,0,0,0,1,0,0,0,0,0
10047157001,0,0,0,1,1,0,0,0,0
10047171001,0,0,0,1,0,0,0,0,0
10047184001,1,0,0,1,0,0,0,0,0
10047243001,1,0,0,0,0,0,0,0,0
10047246001,1,0,0,0,0,0,0,0,0
10047264001,1,0,0,1,0,0,0,0,0
10047278001,1,0,0,0,0,0,0,0,0
10047305001,1,0,1,1,0,0,0,0,0
10047358001,1,0,0,1,0,0,1,0,0
10047421001,0,0,1,1,0,0,0,0,0
10047444001,1,0,0,0,0,0,1,0,0
10047460001,1,0,0,1,0,0,0,0,0
10047464001,1,0,0,1,0,0,1,0,0
10047486001,0,0,0,1,0,0,0,0,0
10047507001,0,0,1,0,0,0,0,0,0
10047519001,0,0,0,1,0,0,0,0,0
10047579001,0,0,0,0,0,0,1,0,0
10047614001,1,0,1,1,0,0,1,0,0
10047617001,1,0,1,1,0,1,1,0,0
10047644001,1,0,1,1,0,0,0,0,0
10047690001,0,0,0,1,0,0,0,0,0
10047695001,0,0,0,0,0,0,1,0,0
10047698001,1,0,1,1,0,0,1,0,0
10047709001,0,0,0,1,0,0,0,0,0
10047727001,0,0,0,1,0,0,0,0,0
10047745001,1,0,0,1,0,0,1,0,0
10047746001,1,0,1,1,0,0,0,0,0
10047751001,1,0,0,0,0,1,0,0,0
10047760001,0,0,1,0,0,0,0,0,0
10047765001,0,0,0,1,0,0,0,0,0
10047767001,1,0,1,0,0,0,1,0,0
10047771001,0,0,0,1,0,0,0,0,0
10047781001,0,0,1,0,0,0,0,0,0
10047816001,1,0,0,0,0,0,0,0,0
10047862001,1,0,1,1,0,0,0,0,0
10047876001,0,0,1,1,0,1,0,0,0
10047960001,1,1,0,0,0,0,1,0,0
10047967001,0,0,0,1,0,0,0,0,0
10047994001,1,0,0,1,0,0,0,0,0
10048018001,1,0,1,1,0,0,0,0,0
10048033001,0,1,0,0,0,0,0,0,0
10048044001,1,0,0,1,0,0,0,0,0
10048070001,1,0,0,1,0,1,0,0,0
10048078001,1,0,0,1,0,0,1,0,0
10048084001,0,0,0,0,0,0,1,0,0
10048091001,0,0,0,1,0,0,0,0,0
10048098001,0,0,0,0,0,0,1,0,0
10048129001,1,1,0,1,0,0,1,0,0
10048171001,0,0,1,0,0,0,0,0,0
10048196001,1,0,0,1,0,0,0,0,0
10048222001,1,0,0,1,0,0,1,0,0
10048229001,1,0,0,0,0,0,1,0,0
10048374001,0,0,1,1,0,0,0,0,0
10048379001,1,0,1,1,0,0,0,0,0
10048382001,0,0,0,1,0,0,0,0,0
10048391001,0,0,0,1,0,0,0,0,0
10048394001,0,0,1,1,0,0,0,0,0
10048398001,0,1,1,1,0,1,0,0,0
10048415001,1,0,1,1,0,0,1,0,0
10048452001,1,0,1,1,0,0,1,0,0
10048458001,0,0,0,1,0,1,0,0,0
10048530001,1,0,0,0,0,0,0,0,0
10048616001,1,0,0,1,0,0,0,0,0
10048681001,0,0,1,1,1,0,0,0,0
10048688001,0,0,0,1,0,0,0,0,0
10048699001,1,0,0,1,0,0,0,0,0
10048721001,0,0,1,1,0,0,0,0,0
10048800001,1,0,0,1,0,0,0,0,0
10048853001,0,0,1,1,0,0,0,0,0
10048854001,0,0,1,1,0,0,0,0,0
10048866001,1,0,0,1,0,0,1,0,0
10048870001,1,0,0,0,0,0,0,0,0
10048878001,1,0,0,1,0,0,1,0,0
10048888001,1,0,0,1,1,0,0,0,0
10048909001,0,0,1,1,0,0,0,0,0
10048954001,1,0,1,0,0,0,0,0,0
10048956001,1,0,0,0,0,0,0,0,0
10048994001,0,0,0,1,0,0,0,0,0
10049043001,0,0,1,1,0,1,1,0,1
10049044001,0,0,0,0,0,0,1,0,0
10049063001,0,0,1,1,0,0,0,0,0
10049082001,0,0,0,1,0,0,0,0,0
10049116001,1,0,1,1,0,0,1,0,0
10049124001,1,0,0,0,0,0,0,0,0
10049133001,0,0,0,0,0,0,1,0,0
10049143001,0,0,0,1,0,0,0,0,0
10049188001,0,0,1,1,0,0,0,0,0
10049220001,0,0,0,1,0,0,0,0,0
10049232001,1,0,0,1,0,0,0,0,0
10049243001,1,0,1,0,0,0,0,0,0
10049262001,0,0,1,0,0,0,0,0,0
10049271001,0,0,0,1,0,0,0,0,0
10049284001,1,0,0,0,0,0,0,0,0
10049288001,0,0,0,1,0,0,0,0,0
10049289001,0,0,0,0,0,0,1,0,0
10049304001,1,0,1,1,0,1,0,0,0
10049317001,1,1,0,1,0,0,0,0,0
10049319001,0,0,0,1,0,0,0,0,0
10049328001,1,0,0,1,0,0,0,0,0
10049332001,0,0,0,0,0,0,1,0,0
10049333001,0,0,0,1,0,0,0,0,0
10049345001,1,0,1,1,0,0,1,0,0
10049357001,1,0,1,1,0,0,0,0,0
10049361001,0,0,0,1,0,0,0,0,0
10049364001,0,0,1,1,1,0,0,0,0
10049380001,1,0,0,1,0,0,0,0,0
10049384001,0,0,0,1,0,0,0,0,0
10049385001,1,0,0,1,1,0,0,0,0
10049396001,1,0,1,1,0,0,0,0,0
10049405001,1,0,0,0,0,0,0,0,0
10049409001,1,0,0,0,0,0,0,0,0
10049416001,0,0,1,0,0,0,0,0,0
10049417001,0,0,1,0,0,0,0,0,0
10049425001,0,0,0,1,0,0,0,0,0
10049426001,1,0,0,1,0,0,0,0,0
10049439001,0,0,0,1,0,0,0,0,0
10049444001,0,0,0,1,0,0,1,0,0
10049451001,1,0,0,1,0,0,0,0,0
10049452001,1,0,1,1,0,0,0,0,0
10049466001,0,1,0,0,0,1,0,0,0
10049492001,0,1,0,0,0,0,0,0,0
10049493001,0,0,0,1,0,0,0,0,0
10049516001,0,0,0,1,0,0,0,0,0
10049518001,0,0,0,1,0,0,0,0,0
10049531001,0,0,1,1,0,0,0,0,0
10049535001,1,0,0,0,0,0,0,0,0
10049578001,1,0,0,1,0,1,0,0,0
10049587001,0,0,0,1,0,0,0,0,0
10049595001,1,0,0,1,0,0,0,0,0
10049596001,0,0,0,1,0,0,0,0,0
10049599001,0,0,1,1,0,0,0,0,0
10049608001,1,0,1,0,0,0,0,0,0
10049616001,1,0,1,1,0,0,0,1,0
10049640001,0,0,1,1,0,0,0,0,0
10049667001,0,0,0,1,0,0,0,0,0
10049675001,0,1,1,1,0,0,0,0,0
10049681001,0,0,0,1,0,0,0,0,0
10049687001,0,0,0,0,0,0,1,0,0
10049688001,0,0,0,1,0,0,0,0,0
10049692001,0,0,0,1,0,0,0,0,0
10049696001,0,0,0,1,0,0,0,0,0
10049704001,1,0,0,1,0,0,0,0,0
10049729001,1,0,0,0,0,1,0,0,0
10049747001,0,0,0,1,0,0,0,0,0
10049749001,0,0,0,1,0,0,0,0,0
10049764001,0,0,1,0,0,1,0,0,0
10049768001,0,0,0,1,0,0,0,0,0
10049776001,1,0,1,0,0,0,1,0,0
10049777001,0,0,1,0,0,0,0,0,0
10049778001,0,0,0,1,0,0,0,0,0
10049789001,0,0,0,0,0,0,1,0,0
10049792001,1,0,0,1,0,0,0,0,0
10049803001,1,0,0,1,1,0,0,0,0
10049816001,0,0,0,0,0,0,1,0,0
10049818001,1,0,0,1,0,0,0,0,0
10049821001,0,0,0,1,0,0,0,0,0
10049826001,0,0,1,1,0,0,0,0,0
10049834001,0,0,0,1,0,0,0,0,0
10049835001,0,0,0,1,0,0,0,0,0
10049842001,0,0,0,1,0,0,0,0,0
10049847001,1,0,0,1,0,0,0,0,0
10049849001,0,0,0,1,0,0,0,0,0
10049855001,1,0,1,1,0,0,0,0,0
10049857001,1,0,1,1,0,0,0,0,0
10049880001,0,0,1,0,0,0,0,0,0
10049890001,1,0,0,1,0,0,0,0,0
10049907001,1,0,0,0,0,1,0,0,0
10049916001,0,0,0,1,0,0,0,0,0
10049931001,0,0,1,0,0,0,1,0,0
10049940001,1,0,1,1,0,0,1,0,0
10049954001,1,0,0,1,0,0,0,0,0
10049957001,1,0,1,1,0,0,0,0,0
10049980001,0,0,0,1,0,0,0,0,0
10049988001,1,0,0,0,0,0,0,0,0
10049994001,1,0,1,1,1,0,0,0,0
10050002001,0,0,1,1,1,0,0,0,0
10050017001,1,0,0,0,0,0,1,0,0
10050022001,0,0,0,1,0,0,0,0,0
10050043001,1,0,0,0,0,0,0,0,0
10050052001,0,0,0,1,0,0,0,0,0
10050060001,0,0,0,1,0,0,0,0,0
10050074001,1,0,1,1,0,0,0,0,0
10050083001,0,0,0,1,0,0,0,0,0
10050091001,1,0,0,0,0,0,0,0,0
10050092001,1,0,1,1,0,1,0,0,0
10050107001,1,0,0,1,0,0,0,0,0
10050108001,1,0,0,1,0,0,0,0,0
10050115001,1,0,1,1,0,0,0,0,0
10050130001,1,0,0,1,0,0,0,0,0
10050135001,1,0,1,0,0,0,0,0,0
10050147001,0,0,0,1,0,0,0,0,0
10050184001,0,0,0,1,0,0,0,0,0
10050198001,0,0,0,1,0,0,0,0,0
10050226001,1,0,1,1,0,0,0,0,0
10050235001,1,0,1,0,0,0,0,0,0
10050239001,1,0,0,1,0,0,0,0,0
10050261001,0,0,0,1,0,0,0,0,0
10050274001,1,0,0,1,0,0,0,0,0
10050287001,0,0,0,1,0,0,1,0,0
10050290001,0,0,1,0,0,0,0,0,0
10050299001,0,0,0,0,0,1,0,0,0
10050307001,0,0,0,1,0,0,0,0,0
10050318001,1,0,1,1,0,0,0,0,0
10050343001,0,0,0,1,0,0,0,0,0
10050351001,1,0,1,1,0,0,0,0,0
10050357001,0,0,0,1,1,0,0,0,0
10050362001,0,0,0,1,0,0,0,0,0
10050376001,1,0,0,0,0,0,0,0,0
10050383001,1,0,0,1,0,0,0,0,0
10050393001,0,0,1,1,0,0,0,0,0
10050402001,0,0,0,1,0,0,0,0,0
10050407001,0,0,1,0,0,0,0,0,0
10050409001,0,0,1,1,0,0,0,0,0
10050449001,1,0,1,1,0,0,0,0,0
10050460001,1,0,1,1,0,0,0,0,0
10050464001,1,0,1,1,0,0,0,0,0
10050467001,1,0,0,0,0,1,0,0,0
10050508001,0,0,1,1,0,0,1,0,0
10050512001,1,0,1,1,0,0,0,0,0
10050513001,1,0,0,1,0,0,0,0,0
10050520001,1,0,0,0,0,0,0,0,0
10050531001,0,0,1,0,0,0,0,0,0
10050547001,0,0,0,0,0,0,1,0,0
10050565001,0,0,0,1,0,0,0,0,0
10050575001,0,0,0,1,0,0,0,0,0
10050584001,0,0,0,1,0,0,1,0,0
10050592001,1,0,1,1,0,1,1,0,0
10050599001,1,0,1,1,0,0,0,0,0
10050611001,1,0,0,1,0,0,0,0,0
10050612001,1,0,1,1,0,0,0,0,0
10050621001,0,1,0,1,0,0,0,0,0
10050626001,0,0,0,1,0,0,0,0,0
10050632001,0,0,1,1,0,0,0,0,0
10050643001,0,0,1,1,0,0,0,0,0
10050645001,1,0,0,1,0,0,0,0,0
10050649001,0,0,0,0,0,0,1,0,0
10050657001,1,0,0,0,0,0,0,0,0
10050664001,0,0,0,1,0,0,0,0,0
10050665001,0,0,0,1,0,0,0,0,0
10050696001,0,0,0,1,1,0,0,0,0
10050698001,1,0,1,1,0,0,1,0,0
10050706001,0,0,0,1,0,0,0,0,0
10050724001,1,0,0,1,0,0,1,0,0
10050756001,1,0,0,1,0,0,0,0,0
10050768001,0,0,0,1,0,0,0,0,0
10050776001,1,0,0,1,0,0,0,0,0
10050801001,1,0,1,1,0,0,0,0,0
10050802001,1,0,0,0,0,0,0,0,0
10050806001,0,0,0,1,0,0,0,0,0
10050808001,1,0,1,1,1,0,0,0,0
10050829001,0,0,0,1,0,0,0,0,0
10050835001,1,0,0,1,0,0,0,0,0
10050846001,0,0,0,1,1,0,0,0,0
10050891001,0,0,1,1,0,0,0,0,0
10050897001,1,0,1,1,0,0,1,0,0
10050916001,1,0,1,0,0,1,0,0,0
10050920001,1,0,1,1,0,0,0,0,0
10050930001,0,0,0,1,0,0,0,0,0
10050933001,0,0,0,1,0,0,0,0,0
10050938001,0,0,0,1,0,0,0,0,0
10050964001,1,0,0,0,0,0,0,0,0
10050967001,0,0,0,1,1,0,0,0,0
10050983001,1,0,1,1,0,0,0,0,0
10051005001,0,0,1,0,0,0,0,0,0
10051008001,0,0,0,1,0,0,0,0,0
10051012001,1,0,1,1,0,0,0,0,0
10051030001,0,0,0,1,1,0,0,0,0
10051035001,1,0,0,1,0,0,0,0,0
10051063001,1,0,0,0,0,0,0,0,0
10051065001,1,0,0,1,0,0,0,0,0
10051088001,0,0,0,1,0,0,0,0,0
10051095001,0,0,0,1,0,0,0,0,0
10051102001,1,0,0,0,0,0,0,0,0
10051108001,0,0,1,1,0,1,1,0,0
10051128001,1,0,0,0,0,0,0,0,0
10051134001,0,0,0,0,0,1,1,0,0
10051138001,1,0,0,1,0,0,0,0,0
10051162001,1,0,0,0,0,0,0,0,0
10051166001,1,0,1,1,1,0,0,0,0
10051184001,0,0,1,1,0,1,0,0,0
10051189001,1,0,1,1,0,0,0,0,0
10051193001,0,0,1,1,0,0,0,0,0
10051194001,0,0,0,1,0,0,0,0,0
10051199001,1,0,0,1,0,0,0,0,0
10051205001,1,0,0,1,0,0,0,0,0
10051209001,0,0,0,1,0,0,0,0,0
10051227001,0,1,0,0,0,0,0,0,0
10051246001,1,0,0,1,0,0,0,0,0
10051248001,0,0,1,1,0,0,0,0,0
10051270001,1,0,1,1,0,0,0,0,0
10051288001,0,0,1,1,0,0,0,0,0
10051361001,1,0,1,1,0,0,1,0,0
10051369001,0,0,0,1,0,0,0,0,0
10051398001,1,0,0,1,0,0,0,0,0
10051424001,0,0,1,1,0,0,0,0,0
10051425001,1,0,0,1,0,0,0,0,0
10051447001,0,0,0,1,1,0,0,0,0
10051448001,0,0,0,1,0,0,0,0,0
10051455001,1,0,0,1,0,0,1,0,0
10051462001,1,0,1,1,0,0,0,0,0
10051477001,1,0,0,0,0,0,0,0,0
10051499001,1,0,0,1,0,0,0,0,0
10051518001,1,0,0,0,0,0,0,0,0
10051551001,0,0,0,0,0,0,1,0,0
10051558001,0,0,1,1,0,0,0,0,0
10051559001,1,0,1,1,0,0,0,0,0
10051585001,0,0,1,1,0,1,0,0,0
10051611001,1,0,1,1,0,0,0,0,0
10051622001,1,0,0,0,0,0,0,0,0
10051623001,0,0,0,0,0,0,1,0,0
10051649001,1,0,0,1,0,0,0,0,0
10051657001,1,0,1,0,0,0,0,0,0
10051662001,0,0,0,1,0,0,0,0,0
10051669001,1,0,0,0,0,0,0,0,0
10051693001,1,0,1,1,0,0,0,0,0
10051706001,0,0,0,1,0,1,0,0,0
10051709001,1,0,1,1,0,0,1,0,0
10051716001,0,0,0,1,0,0,0,0,0
10051734001,0,0,0,1,0,0,0,0,0
10051772001,0,0,1,0,0,0,0,0,0
10051804001,0,0,0,0,0,0,1,0,0
10051818001,1,0,0,0,0,0,0,0,0
10051824001,0,0,0,1,1,1,0,0,0
10051825001,1,0,1,1,0,0,0,0,0
10051840001,0,0,0,1,0,0,0,0,0
10051846001,0,0,1,1,0,0,0,0,0
10051853001,0,0,0,1,1,0,0,0,0
10051856001,0,0,0,0,0,0,1,0,0
10051862001,1,0,1,1,0,0,0,0,0
10051874001,0,0,1,1,0,0,0,0,0
10051890001,1,0,0,0,0,0,0,0,0
10051894001,0,0,1,1,1,0,0,0,0
10051895001,1,0,1,1,0,0,0,0,0
10051922001,0,0,0,1,0,0,0,0,0
10051953001,0,0,0,1,0,0,0,0,0
10051985001,0,0,1,0,0,0,0,0,0
10052004001,1,0,1,0,0,0,0,0,0
10052014001,1,0,0,0,0,0,0,0,0
10052034001,1,0,0,1,1,0,0,0,0
10052042001,0,0,0,1,0,0,1,0,0
10052057001,0,0,0,1,0,0,0,0,0
10052063001,1,1,0,0,0,0,1,0,0
10052067001,1,0,0,1,0,0,0,0,0
10052083001,0,0,0,1,0,0,0,0,0
10052084001,0,0,0,0,1,0,0,0,0
10052093001,1,0,0,0,0,0,0,0,0
10052094001,1,0,0,1,0,0,0,0,0
10052116001,0,0,1,1,0,0,0,0,0
10052126001,1,0,0,1,0,0,0,0,0
10052141001,0,0,0,0,0,0,1,0,0
10052160001,1,0,0,0,0,0,0,0,0
10052171001,0,0,0,1,0,0,0,0,0
10052181001,0,0,0,1,0,0,0,0,0
10052190001,1,0,0,0,0,0,0,0,0
10052191001,0,0,0,1,0,0,1,0,0
10052197001,1,0,0,0,0,0,0,0,0
10052200001,0,0,0,1,0,0,0,0,0
10052266001,1,0,0,1,0,0,0,0,0
10052269001,0,0,0,1,0,0,0,0,0
10052274001,1,1,1,1,0,0,0,0,1
10052308001,1,0,0,1,0,0,0,0,0
10052327001,0,0,1,1,0,0,0,0,0
10052394001,0,0,0,1,0,0,0,0,0
10052406001,0,0,1,1,0,0,0,0,0
10052407001,0,0,0,1,0,0,0,0,0
10052423001,1,0,0,1,0,0,0,0,0
10052473001,0,0,0,1,0,0,0,0,0
10052479001,1,0,1,1,0,0,0,0,0
10052489001,1,0,0,1,0,0,0,0,0
10052513001,0,0,0,1,0,0,0,0,0
10052563001,1,0,0,1,0,1,0,0,0
10052573001,1,0,1,1,0,0,0,0,0
10052580001,0,0,1,0,0,0,0,0,0
10052624001,0,1,0,0,0,0,0,0,0
10052625001,1,0,0,1,0,0,0,0,0
10052633001,1,0,0,1,0,0,0,0,0
10052645001,0,0,1,1,0,0,0,0,0
10052669001,0,0,0,1,0,0,0,0,0
10052674001,0,0,0,1,0,0,0,0,0
10052694001,0,0,1,1,0,0,0,0,0
10052719001,0,0,1,1,0,0,0,0,0
10052731001,1,0,0,1,0,0,0,0,0
10052753001,0,0,0,1,0,0,0,0,0
10052766001,0,0,0,1,0,0,0,0,0
10052782001,0,0,0,1,0,0,0,0,0
10052792001,1,0,0,0,0,0,0,0,0
10052826001,0,0,0,0,0,0,1,0,0
10052848001,0,0,0,1,0,0,0,0,0
10052889001,1,0,0,1,0,0,0,0,0
10052932001,1,0,1,1,0,0,0,0,0
10052957001,0,0,1,1,0,0,1,0,0
10052964001,1,0,1,1,0,1,1,0,0
10052967001,1,0,0,1,0,0,0,0,0
10052976001,0,0,0,1,0,0,0,0,0
10053010001,0,0,0,1,0,0,0,0,0
10053049001,1,0,0,1,0,0,0,0,0
10053050001,0,0,0,1,0,0,0,0,0
10053068001,0,0,0,1,0,0,0,0,0
10053072001,1,0,0,1,0,0,0,0,0
10053077001,1,0,0,1,0,0,0,0,0
10053090001,1,1,0,1,0,0,0,0,0
10053102001,1,0,0,0,0,1,0,0,0
10053106001,1,0,0,1,0,0,0,0,0
10053150001,0,0,0,1,0,0,0,0,0
10053153001,0,0,1,0,0,0,1,0,0
10053177001,1,0,0,1,0,0,0,0,0
10053185001,1,0,0,0,0,0,0,0,0
10053225001,1,0,0,0,0,0,0,0,0
10053232001,1,0,0,1,0,0,0,0,0
10053234001,1,0,0,1,0,0,0,0,0
10053235001,0,0,1,1,0,0,0,0,0
10053245001,0,0,0,0,0,0,1,0,0
10053311001,1,0,1,1,0,0,0,0,0
10053318001,0,0,1,0,0,0,0,0,0
10053330001,1,0,1,1,0,0,0,0,0
10053361001,1,0,0,0,0,0,0,0,0
10053380001,0,0,0,1,1,0,0,0,0
10053390001,1,0,0,1,0,0,1,0,0
10053398001,0,0,0,1,0,0,0,0,0
10053404001,0,0,0,1,0,0,0,0,0
10053408001,1,0,0,1,0,0,0,0,0
10053409001,0,0,0,1,0,0,0,0,0
10053447001,0,0,1,1,0,0,0,0,0
10053479001,0,0,0,1,0,0,0,0,0
10053490001,0,0,0,1,0,0,0,0,0
10053492001,0,0,0,1,0,0,0,0,0
10053516001,1,0,1,0,0,0,1,0,0
10053599001,1,0,0,1,0,0,0,0,0
10053605001,0,1,0,0,0,0,0,0,0
10053703001,0,0,0,1,0,0,0,0,0
10053804001,1,0,0,0,0,0,0,0,0
10053809001,1,1,0,0,0,0,0,0,0
10053827001,1,0,1,1,0,0,0,0,0
10053837001,1,0,0,1,0,0,1,0,0
10053844001,1,0,0,0,0,0,0,0,0
10053860001,0,1,0,1,0,0,0,0,0
10053884001,0,0,0,1,0,0,0,0,0
10053885001,1,0,1,1,0,0,0,0,0
10053887001,1,0,1,1,0,0,0,0,0
10053890001,0,0,1,1,0,0,0,0,0
10053898001,0,0,1,0,0,0,0,0,0
10053912001,0,0,0,1,0,0,0,0,0
10053926001,1,0,0,1,0,0,0,0,0
10053953001,1,0,0,1,0,0,0,0,0
10053972001,0,0,0,0,0,0,1,0,0
10053986001,0,0,1,1,0,0,0,0,0
10053987001,0,0,1,1,0,0,0,0,0
10053994001,1,0,1,1,0,0,1,0,0
10054045001,1,0,1,1,0,0,0,0,0
10054052001,1,0,1,1,0,0,0,0,0
10054072001,0,0,0,1,0,0,0,0,0
10054102001,0,0,1,1,0,0,1,0,1
10054104001,1,0,0,1,0,1,0,0,0
10054169001,1,0,1,1,0,0,0,0,0
10054195001,1,0,0,1,0,0,0,0,0
10054214001,1,0,0,1,0,0,0,0,0
10054220001,1,0,0,1,0,0,0,1,0
10054233001,0,0,0,1,0,0,0,0,0
10054242001,1,0,0,1,0,0,0,0,1
10054263001,0,0,1,1,0,0,0,0,0
10054279001,0,0,1,1,0,0,0,0,0
10054284001,1,0,0,1,0,0,0,0,0
10054290001,0,0,0,1,1,0,0,0,0
10054323001,0,0,0,1,0,0,0,0,0
10054326001,0,0,0,1,0,0,0,0,0
10054334001,1,0,1,0,0,0,0,0,0
10054344001,1,0,0,0,0,0,0,0,0
10054353001,1,0,0,1,0,0,0,0,0
10054367001,1,0,1,1,0,0,0,0,0
10054393001,0,0,1,1,0,0,0,0,0
10054436001,1,0,1,1,0,0,0,0,0
10054448001,1,0,1,1,0,0,0,0,0
10054473001,1,0,0,0,0,0,0,0,0
10054485001,0,0,0,1,0,0,0,0,0
10054581001,1,0,1,1,0,0,0,0,0
10054589001,0,0,0,1,0,0,0,0,0
10054601001,1,0,0,0,0,0,0,0,0
10054623001,0,0,0,1,0,0,0,0,0
10054641001,0,0,0,1,0,0,0,0,0
10054649001,0,0,1,0,0,0,0,0,0
10054672001,0,0,0,1,0,0,0,0,0
10054694001,1,0,0,1,0,0,0,0,0
10054710001,1,0,1,1,0,0,0,0,0
10054721001,0,0,1,1,0,0,0,0,0
10054771001,0,0,1,1,0,0,0,0,0
10054812001,0,0,0,1,0,0,0,0,0
10054860001,1,0,1,1,0,0,0,0,0
10054876001,1,0,0,0,0,0,0,0,0
10054894001,0,0,1,1,0,0,0,0,0
10054896001,1,0,0,0,0,0,0,0,0
10054918001,0,0,0,1,0,0,0,0,0
10054938001,0,0,0,1,0,0,0,0,0
10054939001,0,0,1,1,0,0,0,0,0
10054951001,0,0,0,1,0,0,0,0,0
10054966001,0,0,0,1,0,0,0,0,0
10055039001,0,0,0,1,0,0,0,0,0
10055053001,1,0,0,1,0,0,0,0,0
10055067001,1,0,1,1,0,0,1,0,0
10055070001,0,0,0,1,0,0,0,0,0
10055121001,0,0,0,1,0,1,0,0,0
10055135001,0,0,0,1,0,0,0,0,0
10055142001,0,1,0,1,0,0,0,0,0
10055147001,1,0,0,0,0,0,0,0,0
10055161001,1,0,0,0,0,0,0,0,0
10055178001,0,0,0,1,0,0,0,0,0
10055226001,0,0,0,1,0,0,1,0,0
10055240001,0,0,0,1,0,1,0,0,0
10055267001,1,0,0,1,0,0,1,0,0
10055288001,1,0,0,0,0,0,0,0,0
10055310001,0,0,0,1,0,0,0,0,0
10055315001,0,0,0,1,0,0,0,0,0
10055324001,0,0,1,0,0,0,0,0,0
10055331001,0,0,0,0,0,0,1,0,0
10055332001,0,0,0,1,0,0,0,0,0
10055370001,0,0,0,1,0,0,0,0,0
10055405001,1,0,1,1,0,0,0,0,0
10055425001,0,0,0,1,0,0,0,0,0
10055426001,1,0,0,1,0,0,0,0,0
10055431001,1,0,1,1,0,0,0,0,0
10055436001,1,0,0,1,0,0,0,0,0
10055465001,1,0,0,0,0,0,0,0,0
10055473001,0,0,0,1,0,0,0,0,0
10055491001,0,0,1,1,0,0,0,0,0
10055496001,1,0,0,1,0,0,1,1,0
10055497001,0,0,0,1,0,0,0,0,0
10055498001,1,0,0,1,0,0,0,0,0
10055529001,0,0,0,1,1,0,0,0,0
10055561001,1,0,0,1,0,0,0,0,0
10055563001,1,0,0,1,0,0,0,0,0
10055578001,1,0,0,1,0,0,0,0,0
10055595001,0,0,0,1,0,0,0,0,0
10055598001,0,0,0,1,0,0,0,0,0
10055619001,0,0,0,1,0,0,0,0,0
10055637001,0,0,0,1,0,0,0,0,0
10055659001,0,0,1,0,0,0,0,0,0
10055666001,1,0,1,1,1,0,0,0,0
10055724001,1,0,0,0,0,0,0,0,0
10055727001,0,0,0,1,0,0,0,0,0
10055732001,0,0,0,1,0,0,0,0,0
10055740001,0,0,0,1,0,0,0,0,0
10055784001,1,0,0,1,0,0,1,0,0
10055814001,0,0,0,1,0,0,0,0,0
10055831001,1,0,0,1,0,0,0,0,0
10055854001,0,0,0,1,0,0,0,0,0
10055855001,1,0,0,0,0,0,0,0,0
10055874001,1,0,1,1,0,0,1,0,0
10055878001,0,0,0,0,0,0,1,0,0
10055937001,0,0,0,1,0,0,0,0,0
10055939001,1,0,0,1,0,0,0,0,0
10055943001,0,0,0,1,0,0,0,0,1
10055952001,0,1,0,1,0,0,1,0,0
10055995001,1,0,0,1,0,0,0,0,0
10056000001,0,0,0,1,0,0,0,0,0
10056014001,1,0,0,0,0,0,0,0,0
10056038001,1,0,0,0,0,0,0,0,0
10056040001,0,0,1,1,0,0,0,0,0
10056048001,0,0,1,1,0,0,0,0,0
10056106001,0,0,0,1,0,0,0,0,0
10056112001,0,0,1,0,0,0,0,0,0
10056122001,1,0,1,1,0,0,0,0,0
10056125001,0,0,0,0,0,0,1,0,0
10056129001,0,0,0,1,0,0,0,0,0
10056130001,1,0,1,1,0,0,0,0,0
10056136001,0,0,0,1,0,0,0,0,0
10056167001,0,0,1,1,0,1,0,0,0
10056180001,0,0,0,1,0,0,0,0,0
10056205001,0,0,0,1,0,0,0,0,0
10056244001,0,0,0,1,1,0,0,0,0
10056251001,1,0,0,1,0,0,0,0,0
10056269001,0,0,0,1,0,0,0,0,0
10056289001,0,0,0,0,0,0,1,0,0
10056314001,0,0,0,1,0,0,0,0,0
10056316001,0,0,0,1,0,0,0,0,0
10056319001,1,0,0,1,0,0,0,0,0
10056334001,1,0,1,1,0,0,0,0,0
10056345001,1,0,0,1,0,0,0,0,0
10056377001,1,0,0,1,0,0,0,0,0
10056382001,0,0,0,0,0,0,1,0,0
10056423001,1,0,1,0,0,0,0,0,0
10056435001,0,0,0,0,0,0,1,0,0
10056443001,1,0,0,1,0,0,0,1,0
10056444001,0,0,1,0,0,0,0,0,0
10056453001,1,0,1,0,0,0,0,0,0
10056472001,1,0,0,1,0,0,0,0,0
10056482001,1,0,0,1,0,0,0,0,0
10056503001,0,0,0,1,0,0,0,0,0
10056527001,1,0,0,1,0,0,0,0,0
10056544001,0,0,0,0,0,1,0,0,0
10056554001,1,0,0,0,0,0,0,0,0
10056578001,1,0,0,1,0,0,0,0,0
10056586001,0,1,0,0,0,0,0,0,0
10056651001,0,0,0,1,0,0,0,0,0
10056662001,1,0,1,1,0,0,0,0,0
10056674001,0,0,1,1,1,0,0,0,0
10056678001,1,0,0,0,0,0,0,0,0
10056679001,0,0,0,1,0,0,0,0,0
10056730001,0,0,0,1,0,1,0,0,0
10056732001,0,0,0,0,0,0,1,0,0
10056744001,0,0,0,1,0,1,0,0,0
10056753001,1,0,0,0,0,0,0,0,0
10056756001,1,0,0,0,0,0,1,0,1
10056765001,0,0,0,1,0,0,0,0,0
10056783001,0,0,0,1,0,0,0,0,0
10056798001,0,0,1,0,0,0,0,0,0
10056822001,0,0,1,1,0,0,0,0,0
10056839001,1,0,0,1,0,0,0,0,0
10056850001,0,0,0,0,0,0,1,0,0
10056880001,0,0,1,1,0,0,0,0,0
10056891001,0,0,0,1,0,0,0,0,0
10056895001,0,0,0,0,0,0,1,0,0
10056919001,0,0,0,1,0,0,0,0,0
10056946001,1,0,0,1,0,1,0,0,0
10056950001,1,0,0,0,0,0,0,0,0
10056960001,0,0,1,1,0,0,0,0,0
10056965001,1,0,0,1,0,1,0,0,0
10056999001,0,1,0,1,0,0,0,0,0
10057000001,1,0,0,1,0,0,0,0,0
10057057001,0,0,0,0,0,0,1,0,0
10057060001,1,0,0,0,0,0,0,0,0
10057061001,0,0,0,1,1,0,0,0,0
10057085001,1,0,0,1,0,1,1,0,0
10057088001,0,0,0,1,0,0,0,0,0
10057092001,0,0,0,1,0,0,0,0,0
10057095001,0,0,0,1,0,0,0,0,0
10057105001,0,0,0,1,0,0,0,0,0
10057112001,0,0,1,1,0,1,0,0,0
10057119001,0,0,0,1,0,0,0,0,0
10057121001,0,0,0,1,0,0,0,0,0
10057125001,0,0,0,1,1,0,0,0,0
10057149001,1,0,1,1,0,0,0,0,0
10057156001,0,1,0,0,0,0,0,0,0
10057170001,1,0,1,1,1,0,0,0,0
10057180001,0,0,0,0,0,0,1,0,0
10057184001,0,0,1,0,0,0,0,0,0
10057188001,0,0,0,1,0,0,0,0,0
10057192001,1,0,0,1,1,0,0,0,0
10057202001,0,0,0,1,0,0,0,0,0
10057218001,0,0,0,1,0,0,0,0,0
10057225001,0,0,0,1,0,0,0,0,0
10057236001,1,0,1,0,0,0,1,0,0
10057250001,0,0,0,1,0,0,0,0,0
10057251001,1,0,1,1,0,0,0,0,0
10057252001,0,0,0,1,0,0,0,0,0
10057255001,0,0,0,1,1,0,0,0,0
10057264001,0,0,0,1,0,0,0,0,0
10057296001,1,0,1,1,1,1,0,0,0
10057338001,1,0,1,1,0,0,0,0,0
10057339001,0,0,0,1,0,0,0,0,0
10057344001,0,0,0,1,0,0,0,0,0
10057350001,0,0,0,1,0,0,0,0,0
10057355001,0,0,0,0,0,0,1,0,0
10057358001,1,0,0,1,0,0,0,0,0
10057361001,1,0,0,1,0,0,0,0,0
10057367001,0,0,0,1,0,0,0,0,0
10057373001,1,0,0,1,0,0,0,0,0
10057375001,1,0,0,0,0,0,0,0,0
10057380001,1,0,1,1,0,1,0,0,0
10057381001,1,0,0,1,0,0,1,0,0
10057387001,0,0,1,1,0,0,0,0,0
10057388001,0,0,0,1,0,0,0,0,0
10057405001,0,1,0,1,0,0,0,0,0
10057415001,1,0,0,1,0,0,1,0,0
10057431001,0,0,1,0,0,0,0,0,0
10057486001,0,0,0,1,0,0,0,0,0
10057492001,1,0,0,0,0,0,0,0,0
10057546001,0,0,1,1,0,0,1,0,0
10057552001,0,0,0,1,0,0,0,0,0
10057556001,0,0,0,1,0,1,0,0,1
10057564001,0,1,0,0,0,0,0,0,0
10057575001,1,0,1,1,0,0,0,0,0
10057584001,1,0,1,0,0,0,0,0,0
10057591001,1,0,0,1,0,0,0,0,0
10057610001,1,1,1,1,0,0,0,0,0
10057620001,0,0,0,1,0,0,0,0,1
10057624001,0,0,0,1,0,0,0,0,0
10057628001,1,1,0,0,0,0,0,0,0
10057674001,1,0,0,1,1,0,0,0,0
10057682001,0,0,0,0,0,0,0,0,1
10057691001,0,0,1,1,1,0,0,0,0
10057696001,0,0,0,1,0,0,0,0,0
10057716001,0,0,0,1,0,0,0,0,0
10057742001,0,0,0,1,0,0,0,0,0
10057756001,0,0,0,1,0,0,0,0,0
10057788001,0,0,0,1,0,0,0,0,0
10057792001,0,0,1,1,1,0,0,1,0
10057797001,1,0,0,0,0,0,0,0,0
10057817001,1,0,1,1,0,0,0,0,0
10057825001,0,0,1,1,0,0,0,0,0
10057829001,0,0,0,1,0,0,0,0,0
10057835001,0,0,0,0,0,1,1,0,0
10057837001,1,0,1,1,0,1,0,0,0
10057838001,0,0,0,1,0,0,0,0,0
10057845001,0,0,0,1,0,0,0,0,0
10057848001,0,0,0,1,0,0,0,0,0
10057855001,1,0,0,1,0,0,0,0,0
10057857001,0,0,0,0,0,0,1,0,0
10057864001,0,0,0,1,0,0,0,0,0
10057869001,0,0,0,1,0,0,0,0,0
10057870001,1,0,1,1,0,0,0,0,0
10057877001,1,0,1,1,0,0,0,0,0
10057881001,0,1,1,1,0,0,0,0,0
10057892001,0,0,1,0,0,0,0,0,0
10057893001,1,0,0,0,0,0,0,0,0
10057904001,1,0,0,0,0,0,1,0,0
10057916001,0,0,0,1,0,0,0,0,0
10057917001,1,0,0,0,0,0,0,0,0
10057920001,1,0,0,0,0,0,1,0,0
10057925001,1,0,1,1,0,0,0,0,0
10057941001,0,0,0,1,0,0,0,0,0
10057948001,1,0,0,0,0,0,0,0,0
10057951001,0,0,0,1,0,0,0,0,0
10057962001,0,0,0,1,0,0,0,0,0
10057967001,0,0,0,0,0,0,1,0,0
10057970001,0,0,1,1,0,0,0,0,0
10057976001,0,0,0,1,0,0,0,0,0
10057985001,0,0,0,1,0,0,0,0,0
10057987001,0,0,0,0,0,0,1,0,0
10057999001,0,0,0,1,0,0,0,0,0
10058017001,0,0,1,0,0,0,0,0,0
10058059001,0,0,0,1,0,0,0,0,0
10058064001,1,0,0,1,0,0,0,0,0
10058065001,0,0,0,1,0,0,0,0,0
10058086001,1,0,0,0,0,1,0,0,0
10058104001,0,0,0,1,0,0,0,0,0
10058114001,0,0,0,0,0,0,1,0,0
10058132001,0,0,0,1,0,0,0,0,0
10058135001,0,0,0,1,0,0,0,0,0
10058148001,1,0,1,1,0,0,0,0,0
10058161001,0,0,0,1,0,0,0,0,0
10058174001,1,0,1,1,0,0,1,0,0
10058183001,1,0,0,1,0,0,0,0,0
10058184001,0,0,1,1,0,0,0,0,0
10058187001,1,0,0,1,1,0,0,0,0
10058193001,1,0,0,0,0,0,0,0,0
10058214001,1,0,0,1,0,0,1,0,0
10058232001,1,0,0,0,0,0,0,0,0
10058259001,0,0,1,1,0,0,0,0,0
10058261001,0,0,0,1,0,0,0,0,0
10058268001,1,1,1,1,0,0,0,0,0
10058279001,0,0,0,1,0,0,0,0,0
10058286001,1,0,0,1,0,0,0,0,0
10058288001,0,0,0,1,0,0,0,0,0
10058295001,0,0,0,1,0,0,0,0,0
10058296001,1,0,0,0,0,0,0,0,0
10058301001,1,0,1,0,0,0,0,0,0
10058302001,0,0,0,1,0,0,0,0,0
10058313001,0,0,0,1,0,0,0,0,0
10058315001,0,0,0,1,0,0,0,0,0
10058319001,0,0,1,1,0,0,1,0,0
10058327001,0,0,0,1,0,0,0,0,0
10058329001,0,0,1,0,0,0,0,0,0
10058331001,0,0,0,1,0,0,0,0,0
10058335001,0,0,0,1,0,0,0,0,0
10058338001,0,0,0,1,1,0,0,0,0
10058341001,1,0,0,0,0,0,0,0,0
10058344001,0,0,0,1,0,0,0,0,0
10058348001,0,1,0,0,0,0,0,0,0
10058351001,0,0,1,0,0,0,0,0,0
10058355001,1,0,1,1,0,0,1,1,0
10058356001,1,0,0,1,0,0,0,0,0
10058357001,0,0,0,1,0,0,0,0,0
10058358001,0,0,1,1,0,0,1,0,0
10058368001,0,0,0,1,0,0,1,0,0
10058370001,0,0,1,1,0,0,0,0,0
10058380001,0,0,0,1,0,0,0,0,0
10058386001,0,0,0,1,0,0,0,0,0
10058391001,1,0,0,1,0,0,1,0,0
10058408001,0,0,0,1,0,0,0,0,0
10058412001,0,1,0,0,0,0,0,0,0
10058415001,0,0,1,1,0,0,1,0,0
10058424001,0,0,0,0,0,0,0,0,1
10058427001,1,0,0,0,0,0,0,0,0
10058440001,1,0,0,1,1,0,0,0,0
10058443001,0,0,0,1,1,0,0,0,0
10058445001,0,0,0,1,0,1,0,0,0
10058449001,0,0,0,1,0,0,0,0,0
10058471001,1,0,0,1,1,0,0,0,0
10058476001,1,0,0,0,0,0,0,0,0
10058482001,1,0,0,1,0,0,0,0,0
10058484001,0,0,0,1,0,0,0,0,0
10058498001,0,0,1,0,0,0,1,0,0
10058501001,1,0,0,0,0,0,1,0,0
10058504001,0,0,0,1,0,0,0,0,0
10058512001,0,0,1,1,0,0,0,0,0
10058514001,0,0,1,1,0,0,0,0,0
10058518001,0,0,0,1,0,0,0,0,0
10058521001,0,0,0,0,0,0,1,0,0
10058526001,1,0,0,0,0,1,0,0,0
10058532001,1,1,1,1,0,0,0,0,0
10058534001,0,0,0,1,0,0,0,0,0
10058540001,0,0,0,1,0,0,0,0,0
10058550001,0,0,0,0,0,0,1,0,0
10058559001,0,0,0,1,0,0,0,0,0
10058567001,1,0,0,1,0,0,0,0,0
10058571001,0,0,0,1,0,0,0,0,0
10058572001,0,0,0,1,0,0,0,0,0
10058576001,0,0,0,1,0,0,0,0,0
10058580001,0,0,0,1,0,0,0,0,0
10058583001,1,0,1,1,0,0,0,0,0
10058586001,1,0,0,0,0,0,0,0,0
10058588001,1,0,0,1,0,0,0,0,0
10058593001,1,0,1,1,0,0,0,0,0
10058597001,1,0,0,1,0,0,0,0,0
10058598001,0,0,1,0,0,0,0,0,0
10058607001,1,0,1,1,0,0,0,0,0
10058620001,0,0,0,1,0,0,0,0,0
10058622001,0,0,0,1,0,0,0,0,0
10058627001,1,0,0,1,0,0,0,0,0
10058646001,0,0,1,1,0,0,0,0,0
10058653001,1,0,1,0,0,1,0,0,0
10058656001,1,0,0,1,0,0,0,0,0
10058675001,0,0,0,1,1,0,0,0,0
10058677001,0,0,0,1,0,1,0,0,0
10058681001,1,0,1,1,0,0,0,0,0
10058687001,1,0,0,1,0,0,0,0,0
10058689001,1,0,1,1,0,0,1,0,0
10058691001,1,0,0,1,0,0,0,0,0
10058700001,0,0,0,1,0,0,0,0,0
10058702001,1,0,0,0,0,0,0,0,0
10058717001,0,1,0,1,0,0,0,0,0
10058719001,0,0,0,1,0,0,0,0,0
10058731001,0,1,0,1,0,0,0,0,0
10058750001,0,0,0,1,0,0,0,0,0
10058751001,0,0,0,1,0,0,0,0,0
10058753001,0,0,1,0,0,1,0,0,0
10058763001,1,0,1,1,0,0,0,0,0
10058769001,0,0,0,1,0,0,0,0,0
10058779001,0,0,0,1,0,0,0,0,0
10058782001,0,0,1,1,0,0,0,0,0
10058784001,0,0,0,1,0,0,0,0,0
10058787001,1,0,0,0,0,0,0,0,0
10058799001,0,0,0,1,0,0,0,0,0
10058802001,1,0,0,0,0,0,0,0,0
10058804001,1,0,1,1,0,0,0,0,1
10058810001,0,0,0,1,0,0,0,0,0
10058819001,0,0,0,1,0,0,0,0,0
10058823001,0,0,0,1,0,0,0,0,0
10058831001,0,0,0,1,0,0,0,0,0
10058832001,0,0,0,1,0,0,0,0,0
10058833001,0,0,1,0,0,0,0,0,0
10058840001,1,0,1,1,0,1,0,0,0
10058841001,1,0,1,0,0,0,0,0,0
10058842001,0,0,1,1,0,0,0,0,0
10058846001,0,0,0,1,0,0,0,0,0
10058847001,0,0,0,1,0,0,0,0,0
10058851001,0,0,0,1,0,0,0,0,0
10058863001,0,0,1,0,0,0,0,0,0
10058870001,0,0,0,1,0,0,0,0,0
10058874001,1,0,1,1,0,0,0,0,0
10058875001,0,0,0,1,0,0,0,0,0
10058877001,1,0,0,1,0,0,0,0,0
10058883001,1,0,1,0,0,0,0,0,0
10058892001,1,0,1,0,0,0,0,0,0
10058893001,0,0,0,1,0,0,0,0,0
10058909001,0,0,0,1,0,0,0,0,0
10058913001,1,0,0,1,0,0,1,0,0
10058914001,0,0,1,1,0,0,0,0,1
10058918001,0,0,0,1,0,0,0,0,0
10058919001,0,0,0,1,0,0,0,0,0
10058934001,0,0,0,1,0,0,0,0,0
10058935001,1,0,1,1,0,0,0,0,0
10058942001,0,0,0,1,0,0,0,0,0
10058946001,0,0,0,1,0,0,0,0,0
10058968001,1,0,0,0,0,0,0,0,0
10058977001,0,0,0,0,0,0,1,0,0
10058981001,0,0,0,1,0,0,0,0,0
10058982001,0,0,0,1,0,0,0,0,0
10058983001,0,0,0,1,0,0,0,0,0
10058991001,0,0,0,1,0,0,0,0,0
10059005001,1,0,1,1,0,0,0,0,0
10059013001,1,0,1,1,0,0,1,0,0
10059014001,1,0,0,1,0,0,0,0,0
10059016001,0,0,0,1,0,0,0,0,0
10059018001,0,0,1,1,0,0,0,0,0
10059031001,1,0,0,1,0,0,0,0,0
10059035001,0,0,1,0,0,0,0,0,0
10059040001,0,0,1,1,0,0,0,0,0
10059050001,0,1,0,0,0,0,0,0,0
10059061001,1,0,0,1,0,0,0,0,0
10059070001,0,0,0,1,0,0,0,0,0
10059091001,1,0,0,1,0,0,0,0,0
10059106001,0,0,1,1,0,0,0,0,0
10059107001,0,0,0,1,0,0,0,0,0
10059128001,0,0,0,1,0,0,0,0,0
10059133001,0,0,1,1,0,0,0,0,0
10059145001,0,1,0,1,0,0,0,0,0
10059149001,0,0,0,0,0,0,1,0,0
10059162001,0,0,1,1,0,0,0,0,0
10059180001,1,0,0,1,0,0,0,0,0
10059189001,0,0,0,1,0,0,0,0,0
10059197001,0,0,1,1,0,0,0,0,0
10059199001,0,0,1,1,0,0,0,0,0
10059200001,0,0,0,1,0,0,0,0,0
10059208001,1,0,1,1,0,0,0,0,0
10059213001,0,0,0,1,0,0,0,0,0
10059215001,1,1,0,0,0,0,0,0,0
10059217001,0,0,0,1,0,0,0,0,0
10059226001,0,0,0,1,0,0,0,0,0
10059238001,1,0,0,1,0,0,0,0,0
10059242001,1,0,0,0,0,0,0,0,0
10059264001,1,0,0,1,0,0,0,0,0
10059268001,1,1,1,1,0,0,0,0,0
10059270001,0,0,0,1,0,0,0,0,0
10059287001,1,0,1,1,0,0,0,0,0
10059294001,0,0,0,1,0,0,0,0,0
10059297001,1,0,0,0,0,0,0,0,0
10059299001,0,0,0,1,0,0,0,0,0
10059312001,0,0,1,0,0,0,0,0,0
10059314001,0,0,0,1,0,0,0,0,0
10059331001,0,0,1,0,0,0,0,0,0
10059334001,1,0,1,1,0,0,1,0,0
10059337001,1,0,1,1,0,1,1,0,0
10059339001,0,0,1,0,0,0,0,0,0
10059352001,0,0,1,0,0,0,0,0,0
10059362001,0,0,1,1,0,0,0,0,0
10059369001,1,0,0,1,0,0,0,0,0
10059382001,1,0,1,1,0,0,0,0,0
10059387001,0,0,0,0,0,0,1,0,0
10059393001,0,0,1,0,0,0,0,0,0
10059397001,1,0,0,0,0,0,1,0,0
10059410001,1,0,0,1,0,0,0,0,0
10059414001,1,0,0,1,0,0,0,0,0
10059431001,1,0,0,0,0,0,0,0,0
10059439001,0,0,0,1,1,0,0,0,0
10059457001,0,0,0,1,0,0,0,0,0
10059488001,0,0,0,1,0,0,0,0,0
10059508001,0,0,0,1,0,0,0,0,0
10059517001,0,0,0,1,0,0,0,0,0
10059536001,0,0,0,1,0,0,0,0,0
10059547001,1,0,1,1,1,0,0,0,0
10059568001,0,0,0,1,0,0,0,0,0
10059572001,0,0,0,1,0,0,0,0,0
10059573001,1,0,0,1,0,0,0,0,0
10059575001,0,0,1,0,0,0,0,0,0
10059578001,1,0,0,1,0,0,0,0,0
10059580001,0,0,0,1,0,0,0,0,0
10059592001,1,0,0,1,0,0,0,0,0
10059617001,0,0,0,1,0,0,0,0,0
10059636001,1,0,0,1,0,0,0,0,0
10059643001,1,0,0,1,0,0,1,0,0
10059651001,1,0,1,1,0,0,0,0,0
10059654001,0,0,0,1,0,0,0,0,0
10059659001,0,0,0,1,0,0,0,0,0
10059662001,0,0,0,1,0,0,0,0,0
10059663001,0,0,0,1,0,0,0,0,0
10059666001,1,0,0,1,0,1,0,0,0
10059669001,0,0,0,0,0,0,1,0,0
10059681001,1,0,0,1,0,0,0,0,0
10059690001,0,0,0,1,0,0,0,0,0
10059694001,1,0,0,0,0,0,0,0,0
10059695001,0,0,0,1,0,1,0,0,0
10059697001,0,0,0,1,0,0,0,0,0
10059698001,1,0,0,1,0,0,0,0,0
10059700001,1,0,0,0,0,0,0,0,0
10059705001,0,0,0,1,0,0,0,0,0
10059715001,1,0,0,1,0,0,0,0,0
10059727001,0,0,0,1,0,0,0,0,0
10059746001,0,0,1,0,0,1,0,0,0
10059748001,1,0,0,0,0,0,0,0,0
10059760001,1,0,0,1,0,0,0,0,0
10059772001,0,0,1,1,0,0,1,0,0
10059773001,0,0,0,1,0,0,0,0,0
10059776001,0,0,1,1,0,0,0,0,0
10059782001,1,0,1,1,0,0,0,0,0
10059784001,0,0,0,1,0,0,0,0,0
10059789001,1,0,0,1,0,0,0,0,0
10059797001,1,0,1,1,0,1,0,0,0
10059799001,1,0,0,1,0,0,0,0,0
10059804001,0,0,1,1,1,0,0,0,0
10059819001,0,0,0,1,0,0,0,0,0
10059822001,0,0,0,1,0,0,0,0,0
10059837001,1,0,1,0,0,0,0,0,0
10059844001,1,0,0,0,0,0,0,0,0
10059845001,0,1,0,0,0,0,0,0,0
10059846001,1,0,1,1,0,0,0,0,0
10059850001,1,0,1,1,0,0,1,0,0
10059861001,1,0,0,0,0,0,0,0,0
10059876001,0,0,0,1,0,0,0,0,0
10059892001,0,0,0,0,0,0,1,0,0
10059915001,1,0,0,1,0,0,0,0,0
10059917001,0,0,0,1,0,0,0,0,0
10059934001,1,0,0,1,0,0,0,0,0
10059940001,1,0,1,0,1,0,0,0,0
10059951001,1,0,0,1,0,0,0,0,0
10059970001,1,0,0,0,0,0,0,0,0
10059976001,0,0,1,0,0,0,0,0,0
10060015001,1,0,1,1,0,0,0,0,0
10060022001,1,0,0,0,0,0,0,0,0
10060031001,1,0,0,0,0,0,0,0,0
10060044001,1,0,0,1,0,0,0,0,0
10060048001,1,0,1,1,1,0,0,0,0
10060059001,1,0,1,1,0,0,0,0,0
10060102001,1,0,0,1,0,0,1,0,0
10060128001,1,0,1,1,0,0,0,0,0
10060129001,1,0,0,1,0,0,0,0,0
10060139001,1,0,1,1,0,1,1,0,0
10060144001,0,0,0,1,0,0,0,0,0
10060164001,0,0,0,1,0,0,0,0,0
10060169001,0,0,0,1,0,0,0,0,0
10060198001,1,0,1,1,0,0,0,0,0
10060214001,1,0,0,1,0,0,0,0,0
10060217001,1,0,0,0,0,0,0,0,0
10060223001,0,0,0,1,0,0,0,0,0
10060224001,0,0,0,1,0,0,0,0,0
10060240001,1,0,1,1,0,0,0,0,0
10060241001,0,0,0,1,0,0,0,0,0
10060248001,1,0,0,0,0,0,0,0,0
10060264001,1,0,0,1,0,0,0,0,0
10060273001,0,0,0,1,0,0,0,0,0
10060277001,0,0,0,1,0,0,0,0,0
10060286001,0,0,1,1,0,0,0,0,0
10060289001,1,0,0,0,0,0,0,0,0
10060290001,1,0,0,1,0,0,0,0,0
10060320001,1,0,0,1,0,0,0,0,0
10060344001,0,0,0,1,1,0,0,0,0
10060350001,0,0,0,0,0,1,0,0,0
10060380001,0,0,0,1,0,0,0,0,0
10060384001,0,0,0,1,0,0,0,0,0
10060395001,1,0,0,1,0,0,0,0,0
10060406001,1,0,0,1,0,0,0,0,0
10060417001,1,0,0,1,0,0,0,0,0
10060424001,1,0,0,1,1,0,0,0,0
10060425001,0,0,0,1,0,1,0,0,0
10060429001,1,0,1,1,1,0,0,0,0
10060441001,0,0,1,1,0,0,0,0,0
10060448001,0,0,0,1,0,0,0,0,0
10060455001,0,0,0,1,0,0,0,0,0
10060487001,0,0,0,1,0,0,0,0,0
10060489001,1,0,0,1,0,0,1,0,0
10060496001,1,0,1,1,0,0,0,0,0
10060566001,1,0,0,0,0,0,0,0,0
10060592001,0,0,1,1,1,0,0,0,0
10060601001,0,0,1,1,0,0,0,0,0
10060602001,1,0,0,1,0,0,0,0,0
10060612001,0,0,1,1,0,0,0,0,0
10060613001,1,0,0,1,0,0,0,0,0
10060617001,0,0,0,0,0,1,0,0,0
10060618001,1,0,0,1,0,0,0,0,0
10060627001,1,0,0,1,0,0,0,0,0
10060628001,1,0,0,1,0,0,0,0,0
10060633001,1,0,0,1,0,0,0,0,0
10060653001,0,0,0,1,0,1,0,0,0
10060735001,0,0,1,1,0,0,0,0,0
10060767001,0,0,0,1,0,0,0,0,0
10060772001,0,0,1,0,0,0,0,0,0
10060782001,0,0,0,1,0,0,1,0,0
10060791001,0,0,0,0,1,0,0,0,0
10060796001,1,0,0,1,0,0,0,0,0
10060810001,1,0,0,1,0,0,0,0,0
10060816001,0,0,0,1,0,0,0,0,0
10060833001,0,0,0,1,0,0,0,0,0
10060840001,0,1,0,0,0,0,0,0,0
10060876001,1,1,0,1,0,0,0,0,0
10060894001,0,1,1,0,0,0,0,0,0
10060896001,0,0,0,1,0,0,0,0,0
10060913001,1,0,0,0,0,0,0,0,1
10060914001,1,0,0,1,0,0,0,0,0
10060935001,1,0,1,1,0,1,1,0,0
10060938001,1,0,0,0,0,0,0,0,0
10060949001,1,0,0,0,0,0,0,0,0
10060952001,1,0,1,1,0,0,0,1,0
10060953001,0,0,0,1,0,0,0,0,0
10060962001,0,0,0,1,0,0,0,0,0
10060973001,0,0,0,1,0,0,0,0,0
10060976001,1,0,1,1,1,0,0,0,0
10060979001,1,0,0,1,0,0,0,0,0
10060989001,1,0,0,0,0,0,0,0,0
10061005001,1,0,0,0,0,0,0,0,0
10061021001,1,0,0,1,0,0,0,0,0
10061036001,0,0,0,1,0,0,0,0,0
10061045001,0,0,0,1,0,0,0,0,0
10061053001,1,0,1,1,0,0,0,0,0
10061067001,0,0,0,1,0,1,1,0,0
10061070001,0,0,0,0,0,0,1,0,0
10061091001,0,0,0,1,0,1,0,0,0
10061108001,1,0,1,1,0,0,0,0,0
10061122001,0,0,0,1,0,0,0,0,0
10061126001,0,0,1,0,0,0,0,0,0
10061127001,0,0,0,1,0,0,0,0,0
10061133001,0,0,1,1,0,0,0,0,0
10061158001,0,0,0,1,0,0,0,0,0
10061171001,0,0,0,1,0,0,0,0,0
10061204001,0,0,0,1,0,0,0,0,0
10061205001,0,1,0,0,0,0,0,0,0
10061214001,1,0,1,1,0,0,0,1,0
10061215001,1,0,0,1,0,0,1,0,0
10061229001,1,0,0,0,0,0,0,0,0
10061243001,0,0,0,1,0,0,0,0,0
10061257001,1,0,1,1,0,0,0,0,0
10061276001,0,0,0,1,0,0,0,0,0
10061298001,0,0,0,1,0,0,0,0,0
10061309001,1,1,0,0,0,0,0,0,0
10061324001,0,0,0,1,0,0,0,0,0
10061352001,0,0,1,1,1,0,1,0,0
10061378001,0,0,0,0,0,0,1,0,0
10061384001,1,0,1,1,0,0,0,0,0
10061386001,0,0,0,1,0,0,0,0,0
10061389001,1,0,0,0,0,0,0,0,0
10061458001,0,0,0,1,0,0,0,0,0
10061462001,0,0,0,1,0,0,0,0,0
10061468001,0,0,0,1,0,0,0,0,0
10061471001,1,0,1,0,0,0,0,0,0
10061477001,0,1,0,0,0,0,0,0,0
10061483001,0,0,0,1,0,0,0,0,0
10061490001,0,0,0,0,0,1,1,0,0
10061500001,0,0,0,1,0,0,0,0,0
10061524001,0,0,0,1,0,0,0,0,0
10061529001,0,0,0,0,0,0,1,0,0
10061532001,1,0,1,1,0,0,0,0,0
10061553001,1,0,0,0,0,0,0,0,0
10061565001,1,0,1,1,0,0,0,0,0
10061566001,1,0,0,0,0,0,0,0,0
10061569001,1,0,0,1,0,0,0,0,0
10061584001,1,0,1,1,0,0,1,0,0
10061589001,0,0,1,1,0,0,0,0,0
10061596001,1,0,0,0,0,0,0,0,0
10061652001,0,0,0,1,0,1,0,0,0
10061665001,1,0,1,1,0,0,1,0,0
10061669001,0,1,0,0,0,0,0,0,0
10061677001,1,0,0,1,0,0,0,0,0
10061688001,0,0,0,1,0,0,0,0,0
10061707001,0,0,0,1,0,0,0,0,0
10061759001,0,0,0,1,0,0,0,0,0
10061760001,0,0,0,1,0,0,0,0,0
10061766001,1,0,0,1,0,0,0,0,0
10061768001,0,0,0,1,0,0,0,0,0
10061772001,0,0,0,1,0,0,0,0,0
10061803001,0,0,0,1,0,0,0,0,0
10061809001,1,0,0,1,0,0,0,0,0
10061828001,0,0,1,1,0,0,0,0,0
10061852001,1,0,0,1,0,0,0,0,0
10061863001,0,0,1,1,0,1,0,0,0
10061864001,0,0,0,1,0,0,0,0,0
10061891001,1,0,0,0,0,0,0,0,0
10061892001,1,0,0,0,0,0,0,0,0
10061932001,1,1,1,1,0,0,0,0,0
10061936001,1,0,0,1,0,0,0,0,0
10061942001,1,0,1,0,0,0,0,0,0
10061953001,1,0,0,1,0,0,0,0,0
10061958001,0,0,0,0,0,0,0,0,1
10061983001,1,0,0,0,0,0,0,0,0
10062014001,1,0,0,1,0,0,0,0,0
10062020001,1,0,0,1,0,0,0,0,0
10062032001,1,0,1,1,0,0,0,0,0
10062042001,1,0,0,1,0,0,0,0,0
10062044001,1,0,0,1,0,0,0,0,0
10062047001,1,0,0,1,0,0,0,0,0
10062049001,1,0,1,1,0,0,0,0,0
10062052001,1,0,1,1,0,0,1,0,0
10062053001,0,0,0,1,0,0,0,0,0
10062072001,1,0,0,1,1,1,0,0,0
10062097001,1,0,0,0,0,0,0,0,0
10062119001,0,0,1,1,0,0,0,0,0
10062132001,1,0,0,1,0,0,0,0,0
10062136001,0,0,0,1,0,0,0,0,0
10062137001,1,0,0,0,0,0,0,0,0
10062140001,0,0,0,1,0,0,0,0,0
10062176001,1,1,0,1,0,0,0,0,0
10062188001,0,0,0,0,0,0,1,0,0
10062191001,0,0,0,1,0,0,0,0,0
10062193001,0,0,1,0,0,0,0,0,0
10062199001,0,0,0,1,1,0,0,0,0
10062212001,0,1,0,1,0,0,0,0,0
10062214001,1,0,0,0,0,1,0,0,0
10062227001,1,0,0,0,0,0,0,0,0
10062239001,0,0,0,0,0,1,0,0,0
10062246001,1,0,0,1,0,0,0,0,0
10062259001,0,0,1,1,0,0,1,0,0
10062278001,1,0,0,0,0,0,0,0,0
10062307001,0,0,1,0,0,0,0,0,0
10062329001,1,0,0,0,0,0,0,0,0
10062335001,1,0,0,0,0,0,0,0,0
10062344001,0,0,0,1,0,0,0,0,0
10062347001,0,0,1,0,0,0,1,0,0
10062365001,0,0,1,1,1,0,0,0,0
10062374001,0,0,0,1,0,0,0,1,0
10062393001,1,1,0,0,0,0,0,0,0
10062400001,1,0,1,1,0,0,1,0,0
10062411001,1,0,0,0,0,0,0,0,0
10062439001,0,0,0,1,0,0,0,0,0
10062455001,0,0,0,1,0,0,0,0,0
10062469001,0,0,0,0,0,0,1,0,0
10062477001,1,0,0,1,0,0,1,0,0
10062487001,1,0,0,1,0,0,0,0,0
10062561001,1,0,1,1,0,0,0,0,0
10062573001,0,0,0,1,0,0,0,0,0
10062576001,0,0,1,1,0,0,1,0,0
10062595001,1,1,1,1,0,0,0,0,0
10062607001,0,0,0,0,1,0,0,0,0
10062629001,0,0,0,1,0,0,0,0,0
10062647001,0,0,0,1,0,0,0,0,0
10062674001,0,0,1,1,0,0,1,0,0
10062688001,1,0,0,0,0,0,0,0,0
10062690001,0,0,0,1,0,0,0,0,0
10062692001,1,0,1,1,1,0,0,0,0
10062703001,0,0,0,1,0,0,1,0,0
10062740001,0,0,0,1,1,0,0,0,0
10062742001,0,0,0,1,0,0,0,0,0
10062743001,1,0,1,0,0,0,0,0,0
10062756001,0,0,0,1,0,0,0,0,0
10062800001,1,0,0,1,0,0,0,0,0
10062835001,0,0,0,1,0,0,0,0,0
10062852001,1,0,0,0,0,0,0,0,0
10062892001,0,0,1,1,0,0,0,0,0
10062900001,1,0,0,0,0,0,0,0,0
10062936001,1,0,0,1,0,0,0,0,0
10062945001,0,0,1,1,0,0,0,0,0
10062963001,1,0,0,1,0,0,0,0,0
10062981001,1,0,0,0,0,0,1,0,0
10062982001,0,0,0,1,0,0,0,0,0
10062994001,0,0,0,1,0,0,0,0,0
10062997001,0,0,0,0,0,0,1,0,0
10063024001,0,0,0,1,0,0,1,0,0
10063060001,1,0,0,0,0,1,1,0,0
10063072001,0,0,0,1,0,0,0,0,0
10063078001,0,0,0,1,0,0,0,0,0
10063082001,1,0,0,0,0,0,0,0,0
10063088001,1,0,0,0,0,0,0,0,0
10063107001,0,0,0,1,0,0,0,0,0
10063149001,0,0,0,1,0,1,0,0,0
10063167001,1,0,1,1,0,0,0,0,0
10063173001,1,0,1,1,0,0,0,0,0
10063175001,1,0,1,1,0,0,1,0,0
10063204001,0,0,0,1,1,0,0,0,0
10063216001,1,0,1,1,0,0,0,0,0
10063240001,0,0,1,1,0,0,0,0,0
10063244001,0,0,0,0,0,0,1,0,0
10063253001,0,0,1,1,0,1,1,0,0
10063260001,1,0,1,1,0,0,0,0,0
10063267001,1,0,1,1,0,0,0,0,0
10063279001,0,0,0,1,0,0,1,0,0
10063290001,0,0,0,1,0,0,0,0,0
10063292001,0,0,0,1,0,0,0,0,0
10063353001,0,0,0,1,1,0,0,0,0
10063371001,0,0,0,1,0,0,0,0,0
10063379001,0,0,0,1,1,0,0,0,0
10063430001,1,0,0,0,0,0,0,0,0
10063435001,1,0,0,1,0,0,0,0,0
10063461001,1,0,0,0,0,0,0,0,0
10063474001,0,0,0,1,0,0,0,0,0
10063496001,0,0,0,0,0,0,1,0,0
10063502001,1,0,1,0,0,0,0,0,0
10063511001,1,0,1,1,0,0,0,0,0
10063530001,1,0,0,1,0,0,0,0,0
10063582001,0,0,1,1,0,0,0,0,0
10063584001,0,0,0,1,0,0,0,0,0
10063590001,1,0,1,1,0,0,0,0,0
10063602001,1,0,0,0,0,0,0,0,0
10063603001,0,0,0,1,0,0,0,0,0
10063645001,0,0,1,1,0,0,0,0,0
10063655001,1,0,0,0,0,0,0,0,0
10063657001,1,0,0,1,1,0,0,0,0
10063660001,0,0,0,1,0,0,0,0,0
10063681001,0,0,0,1,0,0,0,0,0
10063687001,0,0,1,0,0,0,0,0,0
10063695001,1,0,0,0,0,0,0,0,0
10063699001,0,1,0,1,0,0,0,0,0
10063752001,0,0,0,1,1,0,0,0,0
10063758001,1,0,0,1,0,0,0,0,0
10063774001,1,0,1,1,0,0,0,0,0
10063791001,0,0,0,1,0,0,0,0,0
10063820001,0,0,0,1,0,0,0,0,0
10063824001,1,0,0,0,0,0,0,0,0
10063825001,0,0,0,0,0,1,0,0,0
10063827001,0,0,1,1,0,0,0,0,0
10063857001,1,0,1,1,0,0,0,0,0
10063868001,0,0,0,0,0,0,1,0,0
10063883001,1,0,0,1,0,0,0,0,0
10063888001,1,0,0,1,0,0,0,0,0
10063890001,0,0,1,1,0,0,0,0,0
10063912001,0,0,0,1,0,0,0,0,0
10063921001,1,0,0,1,0,0,0,0,0
10063935001,0,0,0,1,0,0,0,0,0
10063948001,0,0,0,0,0,0,1,0,0
10063953001,1,0,0,0,0,0,1,0,0
10063988001,0,0,0,1,0,0,0,0,0
10063991001,1,0,1,1,0,0,1,0,0
10064013001,1,0,0,1,0,0,0,0,0
10064039001,0,0,0,0,0,1,0,0,0
10064041001,0,0,1,0,0,0,0,0,1
10064043001,1,0,0,0,0,0,0,0,0
10064049001,0,0,1,0,0,0,0,0,0
10064065001,0,0,0,1,0,0,0,0,0
10064084001,1,0,0,1,0,1,1,0,0
10064088001,1,0,0,1,0,0,0,0,0
10064100001,1,0,0,0,0,0,0,0,0
10064107001,0,0,0,1,0,1,0,0,0
10064124001,0,0,0,1,1,0,0,0,0
10064138001,1,0,0,1,0,0,0,0,0
10064140001,0,0,0,1,0,0,0,0,0
10064142001,0,0,0,0,0,0,0,0,1
10064145001,0,0,0,1,0,0,0,0,0
10064149001,0,0,0,1,0,1,0,0,0
10064160001,1,0,0,0,0,0,0,0,0
10064167001,0,0,0,0,0,0,1,0,0
10064204001,0,0,0,1,0,0,0,0,0
10064226001,0,0,0,1,0,0,0,0,0
10064241001,1,0,1,1,0,0,0,0,0
10064251001,1,0,1,1,0,0,0,0,0
10064263001,1,0,0,0,0,0,0,0,0
10064291001,0,0,1,1,0,0,0,0,0
10064311001,0,0,0,1,0,0,1,0,0
10064313001,0,0,0,0,1,0,0,0,0
10064348001,1,0,0,1,1,0,0,0,0
10064366001,1,1,0,0,0,0,1,0,0
10064408001,0,0,0,1,0,0,0,0,0
10064409001,0,0,0,1,0,0,0,0,0
10064433001,1,0,1,1,0,1,0,0,0
10064442001,1,0,1,1,0,0,0,0,0
10064446001,1,0,0,0,0,0,1,0,0
10064456001,1,0,0,0,0,0,0,0,0
10064492001,0,0,0,1,0,0,0,0,0
10064501001,0,0,0,1,0,0,0,0,0
10064517001,1,0,0,1,0,0,0,0,0
10064523001,1,0,1,1,0,0,1,0,0
10064526001,0,0,0,1,0,0,0,0,0
10064536001,0,0,1,1,0,1,0,0,0
10064542001,1,0,1,1,0,0,1,0,0
10064547001,1,0,0,0,0,0,0,0,0
10064548001,0,0,0,0,0,0,1,0,0
10064556001,0,0,0,1,0,0,0,0,0
10064566001,0,0,0,1,0,0,0,0,0
10064576001,1,0,0,1,0,0,0,0,0
10064593001,0,0,0,0,0,0,1,0,0
10064629001,0,0,0,1,0,0,0,0,0
10064632001,0,0,0,1,0,0,0,0,0
10064639001,1,0,1,1,0,0,0,0,0
10064662001,0,0,1,1,0,0,0,0,0
10064665001,0,0,0,1,0,0,0,0,0
10064695001,0,0,0,1,0,1,0,0,0
10064698001,1,0,1,0,0,0,0,0,0
10064704001,1,0,1,1,0,0,0,0,0
10064716001,1,0,0,0,0,0,0,0,0
10064717001,1,0,0,1,0,0,0,0,0
10064720001,1,0,1,1,0,0,0,0,0
10064722001,0,0,0,1,0,0,0,0,0
10064734001,1,0,1,1,0,0,0,0,0
10064763001,1,0,1,1,0,0,0,0,0
10064766001,1,0,0,1,0,1,0,0,0
10064802001,1,0,0,0,0,0,1,0,0
10064810001,0,0,0,1,0,0,0,0,0
10064859001,0,0,1,1,0,1,0,0,0
10064886001,1,0,0,1,0,0,0,0,0
10064897001,1,1,0,1,0,0,0,0,0
10064904001,1,0,0,0,0,0,0,0,0
10064916001,0,0,0,1,0,0,0,0,0
10064937001,0,0,0,1,0,0,0,0,0
10064950001,0,0,0,1,0,0,0,0,0
10064955001,0,0,1,1,0,1,1,0,0
10065013001,0,0,1,1,0,0,0,0,0
10065071001,1,0,0,1,0,0,0,0,0
10065102001,1,1,1,1,0,0,1,0,0
10065157001,0,0,1,1,0,0,1,0,0
10065163001,1,0,0,1,0,1,0,0,0
10065164001,0,0,0,1,0,0,0,0,0
10065166001,1,0,0,1,0,1,0,0,0
10065181001,1,0,0,0,0,1,0,0,0
10065259001,1,0,0,0,0,0,0,0,0
10065294001,0,0,1,0,0,0,1,0,0
10065301001,1,1,1,1,0,0,0,0,0
10065305001,0,0,0,1,0,0,0,0,0
10065320001,0,0,1,1,0,0,0,0,0
10065367001,1,0,1,1,0,0,0,0,0
10065370001,0,0,0,1,0,0,0,0,0
10065395001,0,0,1,0,0,0,0,0,0
10065425001,1,0,0,1,0,0,0,0,0
10065428001,0,0,0,1,1,0,0,0,0
10065445001,0,0,0,1,0,0,0,0,0
10065532001,0,0,0,0,0,1,0,0,0
10065571001,0,0,0,1,0,0,0,0,0
10065581001,1,0,0,0,0,0,0,0,0
10065589001,1,0,0,1,1,0,0,0,0
10065614001,1,0,0,1,0,0,0,0,0
10065627001,0,0,1,1,1,0,1,0,0
10065667001,1,0,1,1,0,0,0,0,0
10065683001,0,0,0,1,0,0,0,0,0
10065692001,0,0,0,1,0,0,0,0,0
10065696001,0,0,0,1,0,0,0,0,0
10065706001,1,0,1,1,0,0,0,0,0
10065741001,1,0,0,1,0,0,0,0,0
10065743001,1,0,1,1,0,0,0,0,0
10065791001,0,1,0,0,0,0,0,0,0
10065820001,0,0,1,1,1,0,0,0,0
10065845001,0,0,0,1,1,0,0,0,0
10065848001,0,0,1,1,0,0,0,0,0
10065851001,0,1,0,1,0,0,0,0,0
10065895001,0,0,0,0,0,0,1,0,0
10065919001,0,0,1,1,0,0,0,0,0
10065930001,1,0,0,1,0,1,0,0,0
10065938001,1,0,0,0,0,1,1,0,0
10065943001,0,0,0,1,1,0,0,0,0
10065956001,1,0,0,1,0,0,0,0,0
10065961001,0,0,1,1,0,1,0,0,0
10065980001,0,0,1,1,0,0,0,0,0
10066006001,0,0,1,1,0,1,0,0,0
10066056001,0,0,0,0,0,0,1,0,0
10066077001,1,0,0,0,0,0,0,0,0
10066084001,0,0,1,1,0,0,0,0,0
10066086001,1,0,0,0,0,0,0,0,0
10066098001,1,0,0,0,0,0,0,0,0
10066143001,0,0,0,1,0,0,0,0,0
10066177001,0,0,0,0,0,0,1,0,0
10066219001,1,0,1,1,0,1,0,0,0
10066229001,0,0,0,1,0,0,0,0,0
10066236001,0,0,0,1,0,0,0,0,0
10066237001,1,0,0,1,0,0,0,0,0
10066252001,1,0,0,0,0,0,0,0,0
10066255001,1,0,0,1,0,0,0,0,0
10066262001,0,0,1,0,0,0,0,0,0
10066266001,0,0,0,1,0,0,0,0,0
10066291001,0,0,1,1,0,0,1,0,0
10066329001,1,0,1,1,0,0,0,0,0
10066341001,1,0,1,1,0,0,1,0,0
10066344001,0,0,0,1,0,0,0,0,0
10066379001,0,0,0,0,0,0,1,0,0
10066381001,0,0,0,1,1,0,1,0,0
10066400001,1,0,0,1,0,1,0,0,0
10066413001,1,0,0,0,0,1,0,0,0
10066418001,1,0,0,0,0,0,0,0,0
10066439001,0,0,0,1,0,0,0,0,0
10066452001,0,0,0,1,0,0,1,0,0
10066462001,1,0,0,0,0,0,0,0,0
10066473001,0,0,0,1,0,0,0,0,0
10066562001,1,0,1,1,0,0,0,0,0
10066563001,0,0,0,1,0,0,0,0,0
10066568001,1,0,1,1,0,0,0,0,0
10066584001,0,0,0,1,0,1,0,0,1
10066608001,1,0,1,1,0,0,0,0,0
10066609001,0,0,0,1,0,0,1,0,0
10066616001,1,0,0,1,0,0,1,0,0
10066623001,1,0,0,1,0,0,0,1,0
10066629001,0,0,1,0,0,0,0,0,0
10066653001,0,0,0,1,0,0,0,0,0
10066663001,1,0,0,0,0,0,0,0,0
10066683001,0,0,0,1,0,0,1,0,0
10066857001,0,0,1,1,0,0,0,0,0
10066922001,0,0,0,1,0,0,0,0,0
10066923001,0,0,1,1,0,0,0,0,0
10066972001,0,0,0,1,0,0,0,0,0
10066999001,1,0,0,1,0,1,0,0,0
10067039001,1,0,0,0,0,0,0,0,0
10067040001,0,0,1,1,0,0,1,0,0
10067041001,1,0,0,0,0,0,0,0,0
10067110001,0,0,0,1,0,0,0,0,0
10067127001,0,0,1,1,0,0,0,0,0
10067163001,0,0,0,1,1,0,0,0,0
10067206001,0,0,0,1,0,0,0,0,0
10067231001,0,0,0,1,0,0,0,0,0
10067241001,1,0,0,1,0,0,0,0,0
10067245001,0,0,1,1,0,0,0,0,0
10067251001,1,0,0,1,0,0,0,0,0
10067253001,0,0,0,1,0,0,1,0,0
10067256001,1,0,0,1,0,0,0,0,0
10067276001,0,0,1,1,0,0,0,0,0
10067278001,0,0,1,1,0,0,0,1,0
10067324001,1,0,1,1,1,0,0,0,0
10067341001,0,0,0,1,0,0,1,0,0
10067349001,0,0,0,1,0,0,0,0,0
10067368001,1,0,0,1,0,0,0,0,0
10067385001,0,0,0,0,0,1,0,0,0
10067389001,1,0,0,0,0,0,0,0,0
10067402001,1,0,1,1,0,0,0,0,0
10067417001,0,0,0,1,0,0,0,0,0
10067428001,0,1,0,1,0,0,0,0,0
10067445001,1,0,1,1,0,0,0,0,0
10067472001,0,0,1,1,0,0,1,0,0
10067522001,0,1,0,0,0,0,0,0,0
10067546001,1,0,0,1,0,0,0,0,0
10067553001,0,0,0,1,0,0,0,0,0
10067563001,0,0,0,1,0,0,1,0,0
10067600001,1,0,0,1,0,0,0,0,0
10067608001,0,0,0,1,0,0,0,0,0
10067635001,1,0,0,1,0,0,0,0,0
10067640001,0,1,0,1,0,0,0,0,0
10067767001,0,0,0,1,0,0,0,0,0
10067783001,0,0,1,0,0,0,0,0,0
10067797001,1,0,0,0,0,0,0,0,0
10067806001,1,0,0,1,0,0,0,0,0
10067835001,0,0,0,1,0,0,0,0,0
10067842001,0,0,0,1,0,0,0,0,0
10067879001,0,0,0,1,0,1,0,0,0
10067889001,0,0,0,1,0,0,0,0,0
10067896001,0,0,1,0,0,0,0,0,0
10067903001,1,0,1,1,0,0,0,0,0
10067921001,0,0,0,0,0,0,1,0,0
10067941001,1,1,0,1,0,0,0,0,0
10067951001,0,0,0,1,0,0,0,0,0
10067985001,0,0,0,1,0,0,0,0,0
10067996001,0,0,0,1,0,0,0,0,0
10068044001,1,0,1,1,0,0,0,0,0
10068073001,0,0,0,1,0,0,0,0,0
10068118001,1,0,0,1,0,1,0,0,0
10068122001,0,0,0,0,0,1,0,0,0
10068169001,0,0,0,1,0,0,0,0,0
10068225001,0,0,1,1,0,0,0,0,0
10068244001,1,0,1,1,0,0,0,0,0
10068245001,0,0,1,0,0,0,0,0,0
10068254001,0,0,1,1,0,0,0,0,0
10068326001,1,0,0,1,0,0,0,0,0
10068327001,0,0,0,1,0,0,0,0,0
10068336001,1,0,0,1,0,0,0,0,0
10068340001,0,0,1,1,0,0,0,0,0
10068369001,1,0,0,0,0,0,0,0,0
10068410001,0,0,0,1,0,0,0,0,0
10068416001,0,0,0,0,0,0,1,0,0
10068421001,0,0,1,0,0,0,0,0,0
10068446001,1,0,1,1,0,0,0,0,0
10068469001,1,0,0,1,0,1,1,0,0
10068476001,0,0,0,0,0,1,0,0,1
10068485001,0,0,0,1,0,0,0,0,0
10068502001,0,0,1,1,0,0,0,0,0
10068504001,0,0,1,1,0,0,0,0,0
10068526001,1,0,0,0,0,0,1,0,0
10068533001,1,0,0,1,0,1,1,0,0
10068543001,0,1,0,0,0,0,0,0,0
10068555001,1,0,0,1,0,0,1,0,0
10068575001,1,0,0,0,0,0,0,0,0
10068624001,0,0,1,1,1,0,0,0,0
10068627001,1,0,0,1,1,0,0,0,0
10068629001,0,0,0,1,0,0,0,0,0
10068633001,1,0,0,1,0,0,0,0,0
10068713001,1,0,0,1,0,1,0,0,0
10068749001,0,0,0,0,0,0,1,0,0
10068757001,1,0,0,0,0,1,0,0,0
10068792001,1,0,0,0,0,1,0,0,0
10068795001,0,0,0,0,0,0,1,0,0
10068803001,0,0,0,1,0,0,0,0,0
10068807001,0,0,0,1,0,0,0,0,0
10068848001,0,0,1,0,0,0,0,0,0
10068854001,0,0,1,1,0,0,0,0,0
10068880001,1,0,0,1,0,0,0,0,0
10068913001,0,1,0,1,0,1,0,0,1
10068927001,0,0,0,1,0,0,0,0,0
10068932001,0,0,0,1,0,0,0,0,0
10068940001,0,0,0,1,0,0,0,0,0
10068946001,0,0,0,1,0,0,0,0,0
10068963001,0,0,0,1,0,0,0,0,0
10068966001,0,0,1,1,0,0,0,0,0
10068980001,1,0,1,1,0,0,0,0,0
10068987001,0,0,1,1,0,0,0,0,0
10068992001,0,0,1,1,0,0,0,0,0
10068995001,1,0,0,1,0,0,0,0,0
10069028001,0,0,0,0,0,0,1,0,0
10069032001,1,0,0,1,0,0,0,0,0
10069052001,0,0,0,1,0,0,0,0,0
10069086001,0,1,0,0,0,0,0,0,1
10069088001,0,0,0,1,0,0,0,0,0
10069097001,0,0,0,1,0,0,0,0,0
10069104001,1,0,0,0,0,0,1,0,0
10069118001,0,0,0,1,0,0,0,0,0
10069119001,1,0,0,1,0,0,0,0,0
10069130001,1,0,0,1,0,0,0,0,0
10069136001,0,0,1,1,0,0,0,0,0
10069144001,1,0,0,1,0,0,1,0,0
10069165001,1,0,0,1,0,0,0,0,0
10069168001,0,0,0,0,0,0,1,0,0
10069178001,1,0,1,1,0,0,1,0,0
10069189001,1,0,0,1,0,0,0,0,0
10069198001,0,0,1,1,0,0,0,0,0
10069233001,1,0,1,1,0,0,0,0,0
10069258001,0,0,0,1,0,0,0,0,0
10069259001,0,0,0,1,0,0,0,0,0
10069263001,0,0,0,1,0,0,0,0,0
10069305001,0,0,0,0,0,1,0,0,0
10069319001,1,0,0,0,0,1,0,0,0
10069350001,1,0,1,1,0,0,0,0,0
10069356001,1,0,1,1,0,0,0,0,0
10069361001,1,0,0,0,0,0,0,0,0
10069362001,1,0,0,1,0,0,0,0,0
10069374001,1,0,1,1,0,0,0,0,0
10069380001,1,0,1,1,0,0,1,0,0
10069428001,0,0,1,1,0,0,1,0,0
10069433001,1,0,1,1,0,0,0,0,0
10069455001,1,1,1,1,0,1,0,0,1
10069476001,0,0,0,1,0,0,0,0,0
10069480001,1,0,1,1,0,1,1,0,0
10069487001,0,0,0,1,0,0,0,0,0
10069489001,1,0,0,1,0,0,1,0,0
10069554001,1,0,0,1,0,0,0,0,0
10069555001,0,0,0,1,0,0,0,0,0
10069600001,1,0,1,1,0,0,0,0,0
10069632001,1,0,1,1,0,0,0,0,0
10069646001,1,0,0,0,0,1,1,0,0
10069648001,1,0,0,0,0,0,1,0,0
10069658001,0,0,0,1,0,0,0,0,0
10069683001,0,0,0,1,0,0,0,0,0
10069702001,0,0,0,1,0,0,0,0,0
10069761001,1,0,1,1,0,1,0,0,0
10069776001,1,0,1,1,0,0,0,0,0
10069810001,0,0,0,1,0,0,0,0,0
10069827001,1,0,1,0,0,0,0,0,0
10069832001,1,0,0,1,0,0,0,0,0
10069835001,1,0,0,1,0,0,0,0,0
10069890001,0,0,0,0,0,1,1,0,0
10069916001,0,0,0,1,0,0,0,0,0
10069923001,1,0,0,1,0,0,0,0,0
10069929001,0,0,0,1,0,0,0,0,0
10069945001,0,0,1,1,1,0,0,0,0
10069962001,0,0,1,0,0,0,0,0,0
10069967001,0,0,0,1,0,1,0,0,0
10069972001,0,0,0,1,0,0,0,0,0
10069984001,0,0,0,1,0,0,0,0,0
10070008001,0,0,0,1,0,0,0,0,0
10070025001,0,0,1,0,0,0,1,0,0
10070033001,1,0,1,1,0,0,0,0,0
10070048001,1,0,1,1,0,0,0,0,0
10070059001,1,0,1,1,0,0,0,0,0
10070099001,1,0,0,0,0,0,0,0,0
10070116001,1,0,0,1,1,1,0,0,0
10070150001,0,0,0,1,0,1,0,0,0
10070162001,1,0,0,1,0,0,0,0,0
10070191001,1,0,1,1,0,0,1,0,0
10070200001,0,0,1,0,0,0,0,0,0
10070206001,0,0,1,0,0,0,0,0,0
10070214001,0,0,0,0,0,1,0,0,0
10070216001,0,0,0,1,0,0,0,0,0
10070227001,0,0,0,1,0,0,0,0,0
10070239001,1,0,0,1,0,0,0,0,0
10070243001,1,0,0,1,0,0,0,0,0
10070278001,0,0,1,0,0,0,0,0,0
10070297004,0,0,0,0,0,0,1,0,0
100702970015,0,0,0,1,0,0,0,0,0
100702980014,0,0,0,0,0,0,1,0,0
100702990020,0,0,0,0,0,0,1,0,0
100702990047,1,0,0,1,0,1,0,0,1
100702990048,1,0,0,0,0,0,0,0,0
100703000023,1,0,0,1,0,0,0,0,0
100703000026,0,0,0,1,0,0,0,0,0
100703000029,1,0,0,1,0,0,1,0,0
100703000032,0,0,1,0,0,0,0,0,0
10070308002,0,0,0,1,0,0,1,0,0
10070308003,1,0,1,1,0,0,0,0,0
10070308006,0,0,1,1,0,0,0,0,0
10070308007,0,0,0,1,0,0,0,0,0
10070308008,0,0,0,1,0,0,0,0,0
10070308009,1,0,0,0,0,0,0,0,0
100703080010,0,0,1,1,0,0,0,0,0
100703080011,0,0,0,1,0,0,0,0,0
100703080013,0,0,1,0,0,0,0,0,0
100703080014,0,0,0,1,0,0,0,0,0
100703080015,0,0,0,1,0,0,0,0,0
100703080016,1,0,0,1,0,0,1,0,0
100703080017,0,0,0,1,0,0,0,0,0
100703080018,0,0,0,1,0,0,0,0,0
100703080022,0,0,0,1,0,0,0,0,0
100703220010,1,0,1,1,0,0,0,0,0
100703220012,0,0,1,1,0,1,0,0,0
100703220017,0,0,0,1,0,0,0,0,0
100703220018,1,0,1,1,0,0,0,0,0
10070324009,0,0,0,1,0,0,0,1,0
10070341005,0,0,0,0,0,0,1,0,0
100703410012,0,0,1,1,0,0,0,0,0
100703410017,0,0,0,0,0,0,1,0,0
100703410019,0,1,0,1,0,0,0,0,0
100703410022,0,0,1,1,0,0,1,0,0
100703410023,1,0,0,1,0,0,1,0,0
100703410024,0,0,0,1,0,0,0,0,0
100703410025,0,0,0,0,0,0,1,0,0
100703410026,0,0,0,0,0,0,1,0,0
100703410030,1,0,1,0,0,0,0,0,0
100703900013,0,0,0,0,0,0,0,0,1
100703970041,1,0,1,1,0,1,1,0,0
100703980018,1,0,0,0,0,0,0,0,0
100703980019,0,0,0,1,0,0,1,0,0
100703980022,0,0,0,1,0,0,0,0,0
10070399004,1,0,1,1,0,0,0,0,0
100703990023,1,0,0,1,0,0,0,0,0
100703990038,1,0,0,1,0,0,1,0,0
100704330021,1,0,0,1,0,1,0,0,0
100704330022,0,0,0,1,0,0,0,0,0
10070438004,1,0,1,1,0,0,0,0,0
10070520003,0,1,0,0,0,0,0,0,0
10070584001,1,0,0,0,0,0,1,0,0
10070612003,0,0,0,1,0,0,0,0,0
100707060022,0,0,0,1,0,0,0,0,0
10070712001,0,0,0,1,0,0,0,0,0
10070796001,0,0,0,0,0,0,1,0,0
100707960031,0,0,0,1,0,0,0,0,0
100708000023,0,0,0,1,0,0,0,0,0
10070823001,1,0,1,1,0,0,0,0,0
100708430010,0,0,0,1,0,0,0,0,0
10070851005,0,0,0,1,0,0,0,0,0
100708830028,0,0,0,1,0,0,0,0,0
10070912009,0,0,0,1,0,0,0,0,0
100709120011,1,0,0,0,0,0,0,0,0
100709120012,0,0,0,1,0,0,1,0,0
10070915008,1,0,0,1,0,0,0,0,0
100709150011,1,0,0,1,0,0,0,0,0
10070958002,1,0,0,1,0,1,0,0,0
10070958003,1,0,1,1,0,0,0,0,0
10070958005,0,0,1,1,0,0,0,0,0
10070958007,1,0,0,1,0,0,1,0,0
10070958008,1,0,1,1,0,0,0,0,0
100709580010,1,0,1,1,0,0,0,1,0
100709580011,1,0,1,1,0,0,0,0,0
10070990007,1,0,0,1,0,0,0,0,0
10071010001,1,0,0,1,0,0,0,0,0
10071010003,0,0,1,1,0,0,0,0,0
10071010004,1,0,0,1,0,0,0,0,0
10071010005,0,0,1,1,0,1,0,0,0
10071010006,1,0,1,1,0,0,0,0,0
10071015007,0,0,1,1,0,0,0,0,0
10071026001,1,0,1,1,0,0,0,0,0
10071026002,1,0,1,1,0,0,0,0,0
10071026003,1,1,1,1,0,0,1,0,0
10071026004,1,0,0,0,0,0,0,0,0
10071026005,1,0,1,1,0,1,0,0,0
10071026006,1,0,1,1,0,0,1,0,0
10071026007,0,0,0,0,0,0,1,0,0
10071030001,0,1,0,0,0,0,0,0,0
